#pragma once
#include <inttypes.h>

static constexpr uint8_t dragon[] = 
{
	0x50, 0x58, 0x4C, 0x01, 0x20, 0x10, 0x20, 0x0A, 0x00, 0xFF, 0x3C, 0x00, 0xD5, 0x00, 0x68, 0x00, 
	0x27, 0x27, 0x36, 0xFF, 0x00, 0x00, 0x36, 0x33, 0x4A, 0xFF, 0x00, 0x00, 0x26, 0x2B, 0x46, 0xFF, 
	0x00, 0x00, 0x2B, 0x31, 0x47, 0xFF, 0x00, 0x00, 0x2B, 0x31, 0x47, 0xFF, 0x00, 0x00, 0x3C, 0x42, 
	0x51, 0xFF, 0x00, 0x00, 0x59, 0x4A, 0x64, 0xFF, 0x00, 0x00, 0x91, 0x6D, 0x8D, 0xFF, 0x00, 0x00, 
	0x78, 0x63, 0x85, 0xFF, 0x00, 0x00, 0x59, 0x4A, 0x64, 0xFF, 0x00, 0x00, 0x76, 0x5B, 0x76, 0xFF, 
	0x00, 0x00, 0x79, 0x63, 0x85, 0xFF, 0x06, 0x00, 0x8E, 0x91, 0x88, 0xFF, 0x00, 0x00, 0x6D, 0x71, 
	0x6B, 0xFF, 0x0D, 0x00, 0x76, 0x5B, 0x76, 0xFF, 0x00, 0x00, 0x99, 0x74, 0x96, 0xFF, 0x00, 0x00, 
	0xC9, 0x98, 0xC5, 0xFF, 0x00, 0x00, 0xC9, 0x9A, 0xC5, 0xFF, 0x00, 0x00, 0xC2, 0x92, 0xBC, 0xFF, 
	0x00, 0x00, 0xB2, 0x86, 0xAC, 0xFF, 0x00, 0x00, 0xAB, 0x82, 0xA8, 0xFF, 0x00, 0x00, 0xB2, 0x86, 
	0xAC, 0xFF, 0x00, 0x00, 0x99, 0x74, 0x96, 0xFF, 0x00, 0x00, 0x88, 0x68, 0x86, 0xFF, 0x00, 0x00, 
	0x79, 0x63, 0x85, 0xFF, 0x00, 0x00, 0x68, 0x57, 0x75, 0xFF, 0x00, 0x00, 0x72, 0x5E, 0x81, 0xFF, 
	0x03, 0x00, 0xA9, 0xAC, 0xA3, 0xFF, 0x00, 0x00, 0x7A, 0x7B, 0x79, 0xFF, 0x09, 0x00, 0x34, 0x39, 
	0x4A, 0xFF, 0x00, 0x00, 0x2C, 0x31, 0x38, 0xFF, 0x00, 0x00, 0x46, 0x3C, 0x53, 0xFF, 0x00, 0x00, 
	0x69, 0x52, 0x6A, 0xFF, 0x00, 0x00, 0x99, 0x74, 0x96, 0xFF, 0x00, 0x00, 0xB2, 0x86, 0xAC, 0xFF, 
	0x00, 0x00, 0xBD, 0x90, 0xB9, 0xFF, 0x00, 0x00, 0xBD, 0x90, 0xB9, 0xFF, 0x00, 0x00, 0xC2, 0x92, 
	0xBC, 0xFF, 0x00, 0x00, 0xC2, 0x92, 0xBE, 0xFF, 0x00, 0x00, 0xC2, 0x92, 0xBC, 0xFF, 0x00, 0x00, 
	0xC2, 0x92, 0xBC, 0xFF, 0x00, 0x00, 0xC2, 0x92, 0xBC, 0xFF, 0x00, 0x00, 0xC9, 0x98, 0xC5, 0xFF, 
	0x00, 0x00, 0xC2, 0x92, 0xBC, 0xFF, 0x00, 0x00, 0xA6, 0x7D, 0xA2, 0xFF, 0x00, 0x00, 0x7C, 0x61, 
	0x7C, 0xFF, 0x00, 0x00, 0x38, 0x3A, 0x55, 0xFF, 0x00, 0x00, 0x20, 0x2E, 0x53, 0xFF, 0x00, 0x00, 
	0x18, 0x21, 0x3A, 0xFF, 0x01, 0x00, 0xB8, 0xBF, 0xB1, 0xFF, 0x0E, 0x00, 0x81, 0x63, 0x7D, 0xFF, 
	0x00, 0x00, 0xBD, 0x90, 0xB9, 0xFF, 0x00, 0x00, 0xDA, 0xA4, 0xD5, 0xFF, 0x00, 0x00, 0xDA, 0xA4, 
	0xD5, 0xFF, 0x00, 0x00, 0xE1, 0xAA, 0xDB, 0xFF, 0x00, 0x00, 0xF4, 0xB6, 0xEC, 0xFF, 0x00, 0x00, 
	0xF8, 0xBA, 0xF0, 0xFF, 0x00, 0x00, 0xE3, 0xAA, 0xDB, 0xFF, 0x00, 0x00, 0x94, 0x7A, 0xA7, 0xFF, 
	0x00, 0x00, 0x87, 0x6D, 0x94, 0xFF, 0x00, 0x00, 0x72, 0x5E, 0x81, 0xFF, 0x00, 0x00, 0x88, 0x68, 
	0x86, 0xFF, 0x00, 0x00, 0x8B, 0x72, 0x9A, 0xFF, 0x00, 0x00, 0x72, 0x5E, 0x81, 0xFF, 0x00, 0x00, 
	0x26, 0x2B, 0x46, 0xFF, 0x02, 0x00, 0xA3, 0xA6, 0x9B, 0xFF, 0x00, 0x00, 0xBD, 0xC1, 0xB4, 0xFF, 
	0x00, 0x00, 0xBA, 0xBD, 0xB1, 0xFF, 0x0D, 0x00, 0xB2, 0x86, 0xAC, 0xFF, 0x00, 0x00, 0xE5, 0xB0, 
	0xDE, 0xFF, 0x00, 0x00, 0xE7, 0xAE, 0xE1, 0xFF, 0x00, 0x00, 0xE7, 0xAC, 0xE1, 0xFF, 0x00, 0x00, 
	0xEC, 0xB1, 0xE5, 0xFF, 0x00, 0x00, 0xF4, 0xB6, 0xEC, 0xFF, 0x00, 0x00, 0xEC, 0xB1, 0xE5, 0xFF, 
	0x00, 0x00, 0xB9, 0x8B, 0xB4, 0xFF, 0x00, 0x00, 0x54, 0x4E, 0x73, 0xFF, 0x00, 0x00, 0x87, 0x6D, 
	0x94, 0xFF, 0x00, 0x00, 0xAB, 0x82, 0xA8, 0xFF, 0x00, 0x00, 0xB9, 0x8B, 0xB4, 0xFF, 0x00, 0x00, 
	0x25, 0x24, 0x2B, 0xFF, 0x04, 0x00, 0x44, 0x44, 0x5B, 0xFF, 0x00, 0x00, 0x9D, 0xA1, 0x97, 0xFF, 
	0x00, 0x00, 0x75, 0x76, 0x88, 0xFF, 0x00, 0x00, 0x44, 0x44, 0x5B, 0xFF, 0x06, 0x00, 0x14, 0x1D, 
	0x33, 0xFF, 0x00, 0x00, 0x1B, 0x29, 0x47, 0xFF, 0x00, 0x00, 0x21, 0x2E, 0x53, 0xFF, 0x00, 0x00, 
	0x1F, 0x30, 0x56, 0xFF, 0x00, 0x00, 0x22, 0x32, 0x5A, 0xFF, 0x00, 0x00, 0x4E, 0x3E, 0x68, 0xFF, 
	0x00, 0x00, 0x68, 0x57, 0x74, 0xFF, 0x00, 0x00, 0x79, 0x63, 0x85, 0xFF, 0x00, 0x00, 0x68, 0x57, 
	0x75, 0xFF, 0x00, 0x00, 0x72, 0x5E, 0x81, 0xFF, 0x00, 0x00, 0x79, 0x63, 0x85, 0xFF, 0x00, 0x00, 
	0x96, 0x7A, 0xA7, 0xFF, 0x00, 0x00, 0x8B, 0x72, 0x9A, 0xFF, 0x00, 0x00, 0xA1, 0x7A, 0x9D, 0xFF, 
	0x00, 0x00, 0x68, 0x57, 0x75, 0xFF, 0x00, 0x00, 0x27, 0x39, 0x67, 0xFF, 0x00, 0x00, 0x27, 0x39, 
	0x65, 0xFF, 0x00, 0x00, 0x26, 0x2B, 0x44, 0xFF, 0x00, 0x00, 0x18, 0x21, 0x3A, 0xFF, 0x00, 0x00, 
	0x23, 0x32, 0x5A, 0xFF, 0x00, 0x00, 0x72, 0x5E, 0x81, 0xFF, 0x00, 0x00, 0x79, 0x63, 0x85, 0xFF, 
	0x00, 0x00, 0x58, 0x56, 0x78, 0xFF, 0x00, 0x00, 0x35, 0x41, 0x6D, 0xFF, 0x00, 0x00, 0x27, 0x39, 
	0x65, 0xFF, 0x00, 0x00, 0x4E, 0x3E, 0x68, 0xFF, 0x00, 0x00, 0x33, 0x3B, 0x67, 0xFF, 0x00, 0x00, 
	0x1F, 0x30, 0x56, 0xFF, 0x01, 0x00, 0x7C, 0x61, 0x7C, 0xFF, 0x00, 0x00, 0x54, 0x4E, 0x73, 0xFF, 
	0x00, 0x00, 0x1F, 0x30, 0x56, 0xFF, 0x00, 0x00, 0x23, 0x32, 0x5A, 0xFF, 0x00, 0x00, 0x23, 0x32, 
	0x5A, 0xFF, 0x00, 0x00, 0x23, 0x32, 0x5A, 0xFF, 0x00, 0x00, 0x22, 0x32, 0x5A, 0xFF, 0x00, 0x00, 
	0x1E, 0x30, 0x56, 0xFF, 0x00, 0x00, 0x54, 0x4E, 0x73, 0xFF, 0x00, 0x00, 0x79, 0x63, 0x85, 0xFF, 
	0x00, 0x00, 0x96, 0x7A, 0xA7, 0xFF, 0x00, 0x00, 0x72, 0x5E, 0x81, 0xFF, 0x00, 0x00, 0x27, 0x39, 
	0x65, 0xFF, 0x00, 0x00, 0x39, 0x45, 0x73, 0xFF, 0x00, 0x00, 0x87, 0x6C, 0x94, 0xFF, 0x00, 0x00, 
	0x64, 0x5C, 0x88, 0xFF, 0x00, 0x00, 0x35, 0x40, 0x6D, 0xFF, 0x00, 0x00, 0x39, 0x45, 0x73, 0xFF, 
	0x00, 0x00, 0x35, 0x41, 0x6D, 0xFF, 0x00, 0x00, 0x39, 0x45, 0x73, 0xFF, 0x00, 0x00, 0x45, 0x4B, 
	0x79, 0xFF, 0x00, 0x00, 0x54, 0x4E, 0x73, 0xFF, 0x00, 0x00, 0x23, 0x32, 0x5A, 0xFF, 0x00, 0x00, 
	0x76, 0x6A, 0x99, 0xFF, 0x00, 0x00, 0x96, 0x7A, 0xA7, 0xFF, 0x00, 0x00, 0xAB, 0x82, 0xA8, 0xFF, 
	0x00, 0x00, 0xA6, 0x7D, 0xA2, 0xFF, 0x00, 0x00, 0x59, 0x4A, 0x64, 0xFF, 0x00, 0x00, 0x39, 0x3A, 
	0x55, 0xFF, 0x00, 0x00, 0x39, 0x3A, 0x55, 0xFF, 0x01, 0x00, 0x76, 0x5B, 0x76, 0xFF, 0x00, 0x00, 
	0xB2, 0x86, 0xAC, 0xFF, 0x00, 0x00, 0x59, 0x4A, 0x64, 0xFF, 0x05, 0x00, 0x72, 0x5E, 0x81, 0xFF, 
	0x00, 0x00, 0x27, 0x39, 0x65, 0xFF, 0x00, 0x00, 0x49, 0x48, 0x66, 0xFF, 0x00, 0x00, 0x49, 0x49, 
	0x66, 0xFF, 0x00, 0x00, 0x54, 0x4E, 0x73, 0xFF, 0x00, 0x00, 0x64, 0x5C, 0x88, 0xFF, 0x00, 0x00, 
	0x23, 0x32, 0x58, 0xFF, 0x00, 0x00, 0x59, 0x4A, 0x64, 0xFF, 0x00, 0x00, 0xAB, 0x80, 0xA9, 0xFF, 
	0x00, 0x00, 0x79, 0x63, 0x85, 0xFF, 0x00, 0x00, 0x27, 0x39, 0x65, 0xFF, 0x00, 0x00, 0x27, 0x39, 
	0x65, 0xFF, 0x00, 0x00, 0x23, 0x32, 0x5A, 0xFF, 0x00, 0x00, 0x23, 0x32, 0x5A, 0xFF, 0x00, 0x00, 
	0x35, 0x41, 0x6D, 0xFF, 0x00, 0x00, 0x68, 0x63, 0x89, 0xFF, 0x00, 0x00, 0x72, 0x5E, 0x81, 0xFF, 
	0x00, 0x00, 0x63, 0x4C, 0x64, 0xFF, 0x0D, 0x00, 0x59, 0x4A, 0x64, 0xFF, 0x00, 0x00, 0x49, 0x48, 
	0x66, 0xFF, 0x00, 0x00, 0x23, 0x32, 0x5A, 0xFF, 0x00, 0x00, 0x23, 0x32, 0x5A, 0xFF, 0x00, 0x00, 
	0x49, 0x48, 0x66, 0xFF, 0x00, 0x00, 0x54, 0x4E, 0x73, 0xFF, 0x00, 0x00, 0x20, 0x2E, 0x53, 0xFF, 
	0x03, 0x00, 0xA1, 0x7A, 0x9D, 0xFF, 0x00, 0x00, 0xB2, 0x86, 0xAC, 0xFF, 0x00, 0x00, 0xAB, 0x82, 
	0xA8, 0xFF, 0x00, 0x00, 0x86, 0x6D, 0x94, 0xFF, 0x00, 0x00, 0x87, 0x6D, 0x94, 0xFF, 0x00, 0x00, 
	0x79, 0x61, 0x85, 0xFF, 0x00, 0x00, 0x20, 0x2E, 0x53, 0xFF, 0x00, 0x00, 0x44, 0x44, 0x5B, 0xFF, 
	0x00, 0x00, 0x33, 0x3B, 0x67, 0xFF, 0x00, 0x00, 0x20, 0x2E, 0x53, 0xFF, 0x08, 0x00, 0x5C, 0x61, 
	0x64, 0xFF, 0x00, 0x00, 0x4B, 0x42, 0x4C, 0xFF, 0x00, 0x00, 0x66, 0x68, 0x67, 0xFF, 0x00, 0x00, 
	0x79, 0x63, 0x85, 0xFF, 0x00, 0x00, 0x49, 0x48, 0x66, 0xFF, 0x00, 0x00, 0x1F, 0x30, 0x56, 0xFF, 
	0x00, 0x00, 0x26, 0x2B, 0x46, 0xFF, 0x0C, 0x00, 0x1E, 0x2D, 0x51, 0xFF, 0x00, 0x00, 0x23, 0x32, 
	0x5A, 0xFF, 0x00, 0x00, 0x23, 0x32, 0x5A, 0xFF, 0x00, 0x00, 0x1E, 0x2D, 0x51, 0xFF, 0x00, 0x00, 
	0x1F, 0x30, 0x56, 0xFF, 0x00, 0x00, 0x20, 0x2E, 0x53, 0xFF, 0x00, 0x00, 0x23, 0x32, 0x5A, 0xFF, 
	0x00, 0x00, 0x2B, 0x31, 0x47, 0xFF, 0x00, 0x00, 0x43, 0x43, 0x53, 0xFF, 0x05, 0x00, 0x49, 0x48, 
	0x66, 0xFF, 0x00, 0x00, 0x49, 0x48, 0x66, 0xFF, 0x00, 0x00, 0x44, 0x44, 0x5B, 0xFF, 0x00, 0x00, 
	0x54, 0x4E, 0x71, 0xFF, 0x11, 0x00, 0x20, 0x2E, 0x53, 0xFF, 0x00, 0x00, 0x20, 0x2C, 0x53, 0xFF, 
	0x00, 0x00, 0x39, 0x3A, 0x55, 0xFF, 0x00, 0x00, 0x49, 0x48, 0x66, 0xFF, 0x00, 0x00, 0x4B, 0x42, 
	0x5A, 0xFF, 0x00, 0x00, 0x69, 0x52, 0x6A, 0xFF, 0x05, 0x00, 0x3A, 0x3B, 0x44, 0xFF, 0x00, 0x00, 
	0x70, 0x55, 0x6E, 0xFF, 0x00, 0x00, 0x46, 0x3C, 0x53, 0xFF, 0x14, 0x00, 0x46, 0x3E, 0x53, 0xFF, 
	0x00, 0x00, 0x59, 0x4A, 0x64, 0xFF, 0x00, 0x00, 0x25, 0x24, 0x2B, 0xFF, 0x3C, 0x00, 0xD3, 0x00, 
	0x4B, 0x00, 0x57, 0x45, 0x59, 0xFF, 0x00, 0x00, 0x92, 0x6E, 0x90, 0xFF, 0x00, 0x00, 0x88, 0x68, 
	0x86, 0xFF, 0x00, 0x00, 0x59, 0x4A, 0x64, 0xFF, 0x00, 0x00, 0x70, 0x55, 0x6E, 0xFF, 0x00, 0x00, 
	0x57, 0x44, 0x58, 0xFF, 0x00, 0x00, 0x46, 0x38, 0x48, 0xFF, 0x1A, 0x00, 0x69, 0x53, 0x6A, 0xFF, 
	0x00, 0x00, 0xB9, 0x8B, 0xB4, 0xFF, 0x00, 0x00, 0xC2, 0x92, 0xBC, 0xFF, 0x00, 0x00, 0xAB, 0x82, 
	0xA8, 0xFF, 0x00, 0x00, 0xA1, 0x7A, 0x9C, 0xFF, 0x00, 0x00, 0x70, 0x55, 0x6E, 0xFF, 0x00, 0x00, 
	0x99, 0x74, 0x96, 0xFF, 0x00, 0x00, 0x81, 0x62, 0x7D, 0xFF, 0x00, 0x00, 0x57, 0x45, 0x59, 0xFF, 
	0x00, 0x00, 0x4B, 0x42, 0x5A, 0xFF, 0x05, 0x00, 0x8A, 0x8C, 0x84, 0xFF, 0x0A, 0x00, 0x43, 0x42, 
	0x53, 0xFF, 0x00, 0x00, 0x27, 0x25, 0x36, 0xFF, 0x00, 0x00, 0x70, 0x55, 0x6E, 0xFF, 0x00, 0x00, 
	0xB2, 0x86, 0xAC, 0xFF, 0x00, 0x00, 0xB9, 0x8B, 0xB4, 0xFF, 0x00, 0x00, 0xB9, 0x8B, 0xB4, 0xFF, 
	0x00, 0x00, 0xB9, 0x8B, 0xB4, 0xFF, 0x00, 0x00, 0xB2, 0x86, 0xAC, 0xFF, 0x00, 0x00, 0xAB, 0x82, 
	0xA8, 0xFF, 0x00, 0x00, 0xB2, 0x86, 0xAC, 0xFF, 0x00, 0x00, 0xAB, 0x82, 0xA8, 0xFF, 0x00, 0x00, 
	0x99, 0x74, 0x96, 0xFF, 0x00, 0x00, 0x92, 0x6E, 0x90, 0xFF, 0x00, 0x00, 0xA6, 0x7D, 0xA2, 0xFF, 
	0x00, 0x00, 0x92, 0x6E, 0x90, 0xFF, 0x00, 0x00, 0x88, 0x6A, 0x86, 0xFF, 0x00, 0x00, 0x7D, 0x61, 
	0x7C, 0xFF, 0x00, 0x00, 0x34, 0x33, 0x4A, 0xFF, 0x02, 0x00, 0xB4, 0xB7, 0xA9, 0xFF, 0x0E, 0x00, 
	0x88, 0x68, 0x86, 0xFF, 0x00, 0x00, 0xD4, 0xA0, 0xCD, 0xFF, 0x00, 0x00, 0xD4, 0xA0, 0xCD, 0xFF, 
	0x00, 0x00, 0xDA, 0xA4, 0xD5, 0xFF, 0x00, 0x00, 0xE7, 0xAE, 0xE1, 0xFF, 0x00, 0x00, 0xF4, 0xB6, 
	0xEC, 0xFF, 0x00, 0x00, 0xF8, 0xBA, 0xF0, 0xFF, 0x00, 0x00, 0xF4, 0xB6, 0xED, 0xFF, 0x00, 0x00, 
	0xB9, 0x8B, 0xB4, 0xFF, 0x00, 0x00, 0x8B, 0x72, 0x9A, 0xFF, 0x00, 0x00, 0x72, 0x5E, 0x81, 0xFF, 
	0x00, 0x00, 0x67, 0x4B, 0x72, 0xFF, 0x00, 0x00, 0x34, 0x33, 0x4A, 0xFF, 0x00, 0x00, 0x1B, 0x29, 
	0x47, 0xFF, 0x00, 0x00, 0x1E, 0x2D, 0x51, 0xFF, 0x00, 0x00, 0x1B, 0x28, 0x47, 0xFF, 0x00, 0x00, 
	0x7D, 0x81, 0x7B, 0xFF, 0x00, 0x00, 0xB4, 0xB7, 0xAB, 0xFF, 0x0A, 0x00, 0x3A, 0x3B, 0x44, 0xFF, 
	0x00, 0x00, 0x16, 0x1A, 0x27, 0xFF, 0x00, 0x00, 0x34, 0x39, 0x4A, 0xFF, 0x02, 0x00, 0xBD, 0x90, 
	0xB8, 0xFF, 0x00, 0x00, 0xE3, 0xAA, 0xDB, 0xFF, 0x00, 0x00, 0xE5, 0xB0, 0xDE, 0xFF, 0x00, 0x00, 
	0xE7, 0xAE, 0xE1, 0xFF, 0x00, 0x00, 0xE7, 0xAE, 0xE3, 0xFF, 0x00, 0x00, 0xE7, 0xAE, 0xE1, 0xFF, 
	0x00, 0x00, 0xF8, 0xBA, 0xF0, 0xFF, 0x00, 0x00, 0x99, 0x74, 0x96, 0xFF, 0x00, 0x00, 0x23, 0x32, 
	0x5A, 0xFF, 0x00, 0x00, 0x87, 0x6D, 0x94, 0xFF, 0x00, 0x00, 0xA7, 0x7D, 0xA2, 0xFF, 0x00, 0x00, 
	0xAB, 0x82, 0xA8, 0xFF, 0x00, 0x00, 0xA1, 0x7A, 0x9F, 0xFF, 0x00, 0x00, 0x4B, 0x42, 0x5A, 0xFF, 
	0x02, 0x00, 0xAE, 0xB1, 0xA6, 0xFF, 0x00, 0x00, 0xBD, 0xC0, 0xB4, 0xFF, 0x00, 0x00, 0x91, 0x95, 
	0x8D, 0xFF, 0x03, 0x00, 0x99, 0x74, 0x96, 0xFF, 0x00, 0x00, 0xAB, 0x82, 0xA8, 0xFF, 0x00, 0x00, 
	0x59, 0x4A, 0x64, 0xFF, 0x00, 0x00, 0x1E, 0x2D, 0x51, 0xFF, 0x00, 0x00, 0x22, 0x2E, 0x53, 0xFF, 
	0x00, 0x00, 0x1F, 0x30, 0x56, 0xFF, 0x00, 0x00, 0x22, 0x32, 0x5A, 0xFF, 0x00, 0x00, 0x23, 0x32, 
	0x5A, 0xFF, 0x00, 0x00, 0x27, 0x39, 0x65, 0xFF, 0x00, 0x00, 0x23, 0x32, 0x58, 0xFF, 0x00, 0x00, 
	0x23, 0x32, 0x5A, 0xFF, 0x00, 0x00, 0x49, 0x48, 0x66, 0xFF, 0x00, 0x00, 0x73, 0x5E, 0x81, 0xFF, 
	0x00, 0x00, 0xA1, 0x7B, 0x9D, 0xFF, 0x00, 0x00, 0xC2, 0x92, 0xBC, 0xFF, 0x00, 0x00, 0xDA, 0xA4, 
	0xD5, 0xFF, 0x00, 0x00, 0xEC, 0xB1, 0xE5, 0xFF, 0x00, 0x00, 0xEC, 0xB1, 0xE5, 0xFF, 0x00, 0x00, 
	0x72, 0x5E, 0x81, 0xFF, 0x00, 0x00, 0x49, 0x48, 0x66, 0xFF, 0x00, 0x00, 0xC9, 0x9A, 0xC5, 0xFF, 
	0x00, 0x00, 0xDA, 0xA4, 0xD5, 0xFF, 0x04, 0x00, 0x29, 0x31, 0x47, 0xFF, 0x00, 0x00, 0xA2, 0xA4, 
	0x9B, 0xFF, 0x00, 0x00, 0x98, 0x9A, 0x95, 0xFF, 0x00, 0x00, 0x20, 0x2E, 0x53, 0xFF, 0x0A, 0x00, 
	0x14, 0x1D, 0x33, 0xFF, 0x00, 0x00, 0x2B, 0x31, 0x45, 0xFF, 0x00, 0x00, 0x6A, 0x57, 0x75, 0xFF, 
	0x00, 0x00, 0x87, 0x6D, 0x94, 0xFF, 0x00, 0x00, 0x87, 0x6D, 0x94, 0xFF, 0x00, 0x00, 0x33, 0x3B, 
	0x67, 0xFF, 0x00, 0x00, 0x23, 0x30, 0x5A, 0xFF, 0x00, 0x00, 0x96, 0x7A, 0xA7, 0xFF, 0x00, 0x00, 
	0x54, 0x4E, 0x73, 0xFF, 0x00, 0x00, 0x78, 0x63, 0x85, 0xFF, 0x00, 0x00, 0x87, 0x6D, 0x94, 0xFF, 
	0x00, 0x00, 0x23, 0x32, 0x58, 0xFF, 0x00, 0x00, 0x33, 0x3B, 0x67, 0xFF, 0x00, 0x00, 0xB2, 0x86, 
	0xAC, 0xFF, 0x00, 0x00, 0x26, 0x2B, 0x46, 0xFF, 0x00, 0x00, 0x1F, 0x30, 0x54, 0xFF, 0x00, 0x00, 
	0x23, 0x32, 0x5A, 0xFF, 0x00, 0x00, 0x54, 0x4E, 0x73, 0xFF, 0x00, 0x00, 0x58, 0x56, 0x79, 0xFF, 
	0x00, 0x00, 0x35, 0x41, 0x6D, 0xFF, 0x00, 0x00, 0x23, 0x32, 0x5B, 0xFF, 0x00, 0x00, 0x58, 0x56, 
	0x78, 0xFF, 0x00, 0x00, 0x49, 0x48, 0x66, 0xFF, 0x00, 0x00, 0x34, 0x33, 0x4A, 0xFF, 0x0C, 0x00, 
	0x9B, 0x74, 0x96, 0xFF, 0x00, 0x00, 0x54, 0x4F, 0x73, 0xFF, 0x00, 0x00, 0x54, 0x4E, 0x73, 0xFF, 
	0x00, 0x00, 0x25, 0x39, 0x65, 0xFF, 0x00, 0x00, 0x58, 0x56, 0x78, 0xFF, 0x00, 0x00, 0x55, 0x4E, 
	0x73, 0xFF, 0x00, 0x00, 0x39, 0x47, 0x73, 0xFF, 0x00, 0x00, 0x39, 0x45, 0x73, 0xFF, 0x00, 0x00, 
	0x45, 0x4B, 0x79, 0xFF, 0x00, 0x00, 0x3B, 0x45, 0x73, 0xFF, 0x00, 0x00, 0x1F, 0x30, 0x57, 0xFF, 
	0x00, 0x00, 0x27, 0x39, 0x65, 0xFF, 0x00, 0x00, 0x8B, 0x72, 0x9A, 0xFF, 0x00, 0x00, 0x79, 0x63, 
	0x85, 0xFF, 0x00, 0x00, 0x8B, 0x72, 0x9A, 0xFF, 0x00, 0x00, 0xA1, 0x7A, 0x9D, 0xFF, 0x00, 0x00, 
	0x59, 0x4A, 0x64, 0xFF, 0x00, 0x00, 0x1E, 0x2D, 0x51, 0xFF, 0x00, 0x00, 0x20, 0x2E, 0x53, 0xFF, 
	0x00, 0x00, 0x2B, 0x31, 0x47, 0xFF, 0x09, 0x00, 0x7C, 0x61, 0x7C, 0xFF, 0x00, 0x00, 0x49, 0x48, 
	0x66, 0xFF, 0x00, 0x00, 0x39, 0x3A, 0x55, 0xFF, 0x00, 0x00, 0x1C, 0x2D, 0x51, 0xFF, 0x00, 0x00, 
	0x54, 0x4E, 0x73, 0xFF, 0x00, 0x00, 0x32, 0x3B, 0x67, 0xFF, 0x00, 0x00, 0x63, 0x4C, 0x64, 0xFF, 
	0x00, 0x00, 0xAB, 0x82, 0xA8, 0xFF, 0x00, 0x00, 0x87, 0x6D, 0x94, 0xFF, 0x00, 0x00, 0x54, 0x4E, 
	0x73, 0xFF, 0x00, 0x00, 0x27, 0x38, 0x65, 0xFF, 0x00, 0x00, 0x23, 0x32, 0x5A, 0xFF, 0x00, 0x00, 
	0x35, 0x41, 0x6D, 0xFF, 0x00, 0x00, 0x64, 0x5C, 0x88, 0xFF, 0x00, 0x00, 0x54, 0x4E, 0x73, 0xFF, 
	0x00, 0x00, 0xB0, 0x86, 0xAC, 0xFF, 0x00, 0x00, 0xB2, 0x86, 0xAC, 0xFF, 0x00, 0x00, 0x81, 0x62, 
	0x7D, 0xFF, 0x0C, 0x00, 0x48, 0x4A, 0x4A, 0xFF, 0x00, 0x00, 0x6B, 0x52, 0x6A, 0xFF, 0x00, 0x00, 
	0x72, 0x5E, 0x81, 0xFF, 0x00, 0x00, 0x20, 0x2E, 0x53, 0xFF, 0x00, 0x00, 0x33, 0x3B, 0x67, 0xFF, 
	0x00, 0x00, 0x54, 0x4E, 0x73, 0xFF, 0x00, 0x00, 0x58, 0x56, 0x78, 0xFF, 0x04, 0x00, 0xA0, 0x7B, 
	0x9D, 0xFF, 0x00, 0x00, 0xA1, 0x7A, 0x9D, 0xFF, 0x00, 0x00, 0x97, 0x7A, 0xA7, 0xFF, 0x00, 0x00, 
	0x8B, 0x72, 0x9A, 0xFF, 0x00, 0x00, 0x49, 0x48, 0x66, 0xFF, 0x00, 0x00, 0x58, 0x56, 0x78, 0xFF, 
	0x00, 0x00, 0x1E, 0x2D, 0x53, 0xFF, 0x0C, 0x00, 0x5C, 0x61, 0x64, 0xFF, 0x00, 0x00, 0x55, 0x56, 
	0x57, 0xFF, 0x00, 0x00, 0x57, 0x57, 0x67, 0xFF, 0x00, 0x00, 0x79, 0x63, 0x85, 0xFF, 0x00, 0x00, 
	0x20, 0x2E, 0x53, 0xFF, 0x0B, 0x00, 0x24, 0x2B, 0x46, 0xFF, 0x00, 0x00, 0x23, 0x32, 0x5A, 0xFF, 
	0x00, 0x00, 0x1E, 0x2D, 0x51, 0xFF, 0x00, 0x00, 0x33, 0x3B, 0x67, 0xFF, 0x00, 0x00, 0x23, 0x32, 
	0x5A, 0xFF, 0x00, 0x00, 0x1E, 0x2D, 0x51, 0xFF, 0x0A, 0x00, 0x4B, 0x4B, 0x51, 0xFF, 0x00, 0x00, 
	0x62, 0x4C, 0x64, 0xFF, 0x00, 0x00, 0x68, 0x57, 0x74, 0xFF, 0x00, 0x00, 0x1B, 0x28, 0x47, 0xFF, 
	0x0D, 0x00, 0x2B, 0x31, 0x47, 0xFF, 0x00, 0x00, 0x23, 0x32, 0x5A, 0xFF, 0x01, 0x00, 0x18, 0x21, 
	0x3A, 0xFF, 0x00, 0x00, 0x1F, 0x30, 0x56, 0xFF, 0x00, 0x00, 0x23, 0x32, 0x5A, 0xFF, 0x00, 0x00, 
	0x44, 0x45, 0x5B, 0xFF, 0x00, 0x00, 0x39, 0x3A, 0x55, 0xFF, 0x00, 0x00, 0x44, 0x4A, 0x53, 0xFF, 
	0x07, 0x00, 0x49, 0x48, 0x66, 0xFF, 0x00, 0x00, 0x2B, 0x31, 0x47, 0xFF, 0x0F, 0x00, 0x20, 0x2E, 
	0x53, 0xFF, 0x00, 0x00, 0x20, 0x2E, 0x53, 0xFF, 0x03, 0x00, 0x89, 0x72, 0x8A, 0xFF, 0x00, 0x00, 
	0x78, 0x63, 0x85, 0xFF, 0x00, 0x00, 0x46, 0x3C, 0x53, 0xFF, 0x19, 0x00, 0x49, 0x48, 0x66, 0xFF, 
	0x00, 0x00, 0x39, 0x3A, 0x55, 0xFF, 0x00, 0x00, 0x27, 0x27, 0x36, 0xFF, 0x00, 0x00, 0x4B, 0x4B, 
	0x5B, 0xFF, 0x3C, 0x00, 0xFD, 0x00, 0x0D, 0x00, 0x3D, 0x42, 0x46, 0xFF, 0x00, 0x00, 0x4C, 0x41, 
	0x53, 0xFF, 0x00, 0x00, 0x3B, 0x35, 0x4B, 0xFF, 0x16, 0x00, 0x3D, 0x42, 0x46, 0xFF, 0x00, 0x00, 
	0x3D, 0x42, 0x46, 0xFF, 0x00, 0x00, 0x4B, 0x42, 0x4C, 0xFF, 0x00, 0x00, 0x88, 0x68, 0x86, 0xFF, 
	0x00, 0x00, 0x92, 0x6E, 0x90, 0xFF, 0x00, 0x00, 0x88, 0x68, 0x86, 0xFF, 0x00, 0x00, 0x88, 0x68, 
	0x86, 0xFF, 0x00, 0x00, 0x7C, 0x61, 0x7E, 0xFF, 0x00, 0x00, 0x60, 0x49, 0x5E, 0xFF, 0x00, 0x00, 
	0xB2, 0x86, 0xAC, 0xFF, 0x00, 0x00, 0xB2, 0x86, 0xAC, 0xFF, 0x00, 0x00, 0x7C, 0x61, 0x7C, 0xFF, 
	0x00, 0x00, 0x3B, 0x35, 0x4B, 0xFF, 0x00, 0x00, 0x7C, 0x61, 0x7C, 0xFF, 0x00, 0x00, 0x69, 0x52, 
	0x6A, 0xFF, 0x00, 0x00, 0x4C, 0x41, 0x53, 0xFF, 0x13, 0x00, 0x7C, 0x61, 0x7C, 0xFF, 0x00, 0x00, 
	0xD4, 0xA0, 0xCD, 0xFF, 0x00, 0x00, 0xE3, 0xAA, 0xDB, 0xFF, 0x00, 0x00, 0xD4, 0xA0, 0xCD, 0xFF, 
	0x00, 0x00, 0xBD, 0x90, 0xB9, 0xFF, 0x00, 0x00, 0xAB, 0x82, 0xA8, 0xFF, 0x00, 0x00, 0x92, 0x6E, 
	0x90, 0xFF, 0x00, 0x00, 0x92, 0x6E, 0x92, 0xFF, 0x00, 0x00, 0xC2, 0x92, 0xBC, 0xFF, 0x00, 0x00, 
	0xC9, 0x98, 0xC5, 0xFF, 0x00, 0x00, 0x99, 0x74, 0x96, 0xFF, 0x00, 0x00, 0x69, 0x52, 0x6A, 0xFF, 
	0x00, 0x00, 0xA1, 0x7A, 0x9D, 0xFF, 0x00, 0x00, 0x59, 0x4A, 0x64, 0xFF, 0x13, 0x00, 0xBD, 0x90, 
	0xB9, 0xFF, 0x00, 0x00, 0xDA, 0xA4, 0xD5, 0xFF, 0x00, 0x00, 0xE3, 0xAB, 0xDB, 0xFF, 0x00, 0x00, 
	0xEC, 0xB1, 0xE5, 0xFF, 0x00, 0x00, 0xEC, 0xB1, 0xE5, 0xFF, 0x00, 0x00, 0xF4, 0xB6, 0xEC, 0xFF, 
	0x00, 0x00, 0xE7, 0xAE, 0xE1, 0xFF, 0x00, 0x00, 0xC9, 0x98, 0xC5, 0xFF, 0x00, 0x00, 0xB9, 0x8B, 
	0xB4, 0xFF, 0x00, 0x00, 0xC2, 0x92, 0xBC, 0xFF, 0x00, 0x00, 0xDA, 0xA4, 0xD5, 0xFF, 0x00, 0x00, 
	0x99, 0x74, 0x96, 0xFF, 0x00, 0x00, 0xB2, 0x86, 0xAC, 0xFF, 0x00, 0x00, 0x76, 0x5B, 0x76, 0xFF, 
	0x00, 0x00, 0x3B, 0x35, 0x4A, 0xFF, 0x09, 0x00, 0x3C, 0x42, 0x53, 0xFF, 0x00, 0x00, 0x27, 0x27, 
	0x36, 0xFF, 0x00, 0x00, 0x2C, 0x31, 0x38, 0xFF, 0x00, 0x00, 0x2B, 0x31, 0x47, 0xFF, 0x04, 0x00, 
	0x88, 0x68, 0x86, 0xFF, 0x00, 0x00, 0xDA, 0xA4, 0xD5, 0xFF, 0x00, 0x00, 0xDA, 0xA4, 0xD5, 0xFF, 
	0x00, 0x00, 0xE7, 0xAE, 0xE1, 0xFF, 0x00, 0x00, 0xF4, 0xB6, 0xEC, 0xFF, 0x00, 0x00, 0xF4, 0xB6, 
	0xEC, 0xFF, 0x00, 0x00, 0xF4, 0xB6, 0xEC, 0xFF, 0x00, 0x00, 0xF4, 0xB6, 0xEC, 0xFF, 0x00, 0x00, 
	0xE3, 0xAA, 0xDB, 0xFF, 0x00, 0x00, 0xB9, 0x8B, 0xB4, 0xFF, 0x00, 0x00, 0xB2, 0x86, 0xAC, 0xFF, 
	0x00, 0x00, 0xBD, 0x90, 0xB9, 0xFF, 0x00, 0x00, 0xB2, 0x86, 0xAC, 0xFF, 0x00, 0x00, 0xA1, 0x7A, 
	0x9D, 0xFF, 0x00, 0x00, 0x91, 0x6D, 0x8D, 0xFF, 0x00, 0x00, 0x7A, 0x84, 0x84, 0xFF, 0x00, 0x00, 
	0x55, 0x56, 0x57, 0xFF, 0x05, 0x00, 0x89, 0x72, 0x8A, 0xFF, 0x00, 0x00, 0xAB, 0x82, 0xA8, 0xFF, 
	0x00, 0x00, 0x54, 0x4E, 0x73, 0xFF, 0x00, 0x00, 0x23, 0x32, 0x5A, 0xFF, 0x00, 0x00, 0x23, 0x32, 
	0x5A, 0xFF, 0x00, 0x00, 0x23, 0x32, 0x5A, 0xFF, 0x00, 0x00, 0x23, 0x32, 0x5A, 0xFF, 0x00, 0x00, 
	0x23, 0x32, 0x5A, 0xFF, 0x00, 0x00, 0x1F, 0x30, 0x56, 0xFF, 0x00, 0x00, 0x2B, 0x31, 0x47, 0xFF, 
	0x00, 0x00, 0x69, 0x52, 0x6A, 0xFF, 0x00, 0x00, 0xE7, 0xAE, 0xE1, 0xFF, 0x00, 0x00, 0xE3, 0xAA, 
	0xDB, 0xFF, 0x00, 0x00, 0xD2, 0x9D, 0xCB, 0xFF, 0x00, 0x00, 0xE3, 0xAA, 0xDB, 0xFF, 0x00, 0x00, 
	0xF4, 0xB6, 0xEC, 0xFF, 0x00, 0x00, 0xF8, 0xBA, 0xF0, 0xFF, 0x00, 0x00, 0xF8, 0xBA, 0xF0, 0xFF, 
	0x00, 0x00, 0xB9, 0x8B, 0xB4, 0xFF, 0x00, 0x00, 0x23, 0x32, 0x5A, 0xFF, 0x00, 0x00, 0x55, 0x4E, 
	0x73, 0xFF, 0x00, 0x00, 0x92, 0x6E, 0x90, 0xFF, 0x00, 0x00, 0x87, 0x6D, 0x94, 0xFF, 0x00, 0x00, 
	0x68, 0x57, 0x75, 0xFF, 0x00, 0x00, 0x59, 0x4A, 0x64, 0xFF, 0x00, 0x00, 0x44, 0x44, 0x5B, 0xFF, 
	0x0D, 0x00, 0x39, 0x3A, 0x55, 0xFF, 0x00, 0x00, 0x23, 0x32, 0x5A, 0xFF, 0x00, 0x00, 0x27, 0x39, 
	0x65, 0xFF, 0x00, 0x00, 0x23, 0x32, 0x5A, 0xFF, 0x00, 0x00, 0x87, 0x6D, 0x94, 0xFF, 0x00, 0x00, 
	0xBD, 0x90, 0xB9, 0xFF, 0x00, 0x00, 0xEC, 0xB1, 0xE5, 0xFF, 0x00, 0x00, 0xEC, 0xB1, 0xE5, 0xFF, 
	0x00, 0x00, 0xE3, 0xAA, 0xDB, 0xFF, 0x00, 0x00, 0xEC, 0xB1, 0xE5, 0xFF, 0x00, 0x00, 0xF8, 0xBA, 
	0xF0, 0xFF, 0x00, 0x00, 0xDA, 0xA4, 0xD5, 0xFF, 0x00, 0x00, 0x27, 0x39, 0x65, 0xFF, 0x00, 0x00, 
	0xA6, 0x7D, 0xA2, 0xFF, 0x00, 0x00, 0x8B, 0x72, 0x9A, 0xFF, 0x00, 0x00, 0x54, 0x4E, 0x73, 0xFF, 
	0x00, 0x00, 0x68, 0x57, 0x75, 0xFF, 0x00, 0x00, 0x39, 0x3A, 0x55, 0xFF, 0x00, 0x00, 0x23, 0x32, 
	0x5A, 0xFF, 0x00, 0x00, 0x3B, 0x3B, 0x4B, 0xFF, 0x00, 0x00, 0x6D, 0x71, 0x6B, 0xFF, 0x0D, 0x00, 
	0x2B, 0x31, 0x47, 0xFF, 0x00, 0x00, 0x33, 0x3B, 0x67, 0xFF, 0x00, 0x00, 0x58, 0x54, 0x78, 0xFF, 
	0x00, 0x00, 0x27, 0x39, 0x65, 0xFF, 0x00, 0x00, 0x49, 0x48, 0x66, 0xFF, 0x00, 0x00, 0x88, 0x68, 
	0x86, 0xFF, 0x00, 0x00, 0xAB, 0x82, 0xA8, 0xFF, 0x00, 0x00, 0xB2, 0x86, 0xAC, 0xFF, 0x00, 0x00, 
	0xE3, 0xAA, 0xDB, 0xFF, 0x00, 0x00, 0xF4, 0xB6, 0xEC, 0xFF, 0x00, 0x00, 0x49, 0x48, 0x66, 0xFF, 
	0x00, 0x00, 0x6A, 0x57, 0x75, 0xFF, 0x00, 0x00, 0xD2, 0x9D, 0xCB, 0xFF, 0x00, 0x00, 0xBD, 0x90, 
	0xB9, 0xFF, 0x00, 0x00, 0xA6, 0x7D, 0xA2, 0xFF, 0x00, 0x00, 0x34, 0x33, 0x4A, 0xFF, 0x00, 0x00, 
	0x3B, 0x3B, 0x4B, 0xFF, 0x00, 0x00, 0xB4, 0xB7, 0xAB, 0xFF, 0x00, 0x00, 0xC4, 0xC8, 0xBA, 0xFF, 
	0x00, 0x00, 0x65, 0x65, 0x77, 0xFF, 0x00, 0x00, 0x39, 0x3A, 0x55, 0xFF, 0x0D, 0x00, 0x88, 0x68, 
	0x86, 0xFF, 0x00, 0x00, 0xAB, 0x82, 0xA8, 0xFF, 0x00, 0x00, 0x79, 0x63, 0x85, 0xFF, 0x00, 0x00, 
	0x33, 0x3B, 0x67, 0xFF, 0x00, 0x00, 0x79, 0x63, 0x85, 0xFF, 0x00, 0x00, 0x58, 0x56, 0x78, 0xFF, 
	0x00, 0x00, 0x79, 0x63, 0x85, 0xFF, 0x00, 0x00, 0xAB, 0x82, 0xA8, 0xFF, 0x00, 0x00, 0x23, 0x32, 
	0x5A, 0xFF, 0x00, 0x00, 0x27, 0x39, 0x65, 0xFF, 0x00, 0x00, 0x68, 0x57, 0x75, 0xFF, 0x00, 0x00, 
	0x76, 0x5B, 0x76, 0xFF, 0x00, 0x00, 0x20, 0x2E, 0x53, 0xFF, 0x00, 0x00, 0x1F, 0x30, 0x56, 0xFF, 
	0x00, 0x00, 0x20, 0x2E, 0x53, 0xFF, 0x00, 0x00, 0x49, 0x48, 0x66, 0xFF, 0x00, 0x00, 0x54, 0x4E, 
	0x73, 0xFF, 0x00, 0x00, 0x33, 0x3B, 0x67, 0xFF, 0x00, 0x00, 0x54, 0x4E, 0x73, 0xFF, 0x00, 0x00, 
	0x54, 0x4E, 0x73, 0xFF, 0x00, 0x00, 0x26, 0x2B, 0x46, 0xFF, 0x09, 0x00, 0x72, 0x5E, 0x81, 0xFF, 
	0x00, 0x00, 0x49, 0x48, 0x66, 0xFF, 0x00, 0x00, 0x20, 0x2E, 0x53, 0xFF, 0x00, 0x00, 0x39, 0x3A, 
	0x55, 0xFF, 0x00, 0x00, 0x4E, 0x3E, 0x68, 0xFF, 0x00, 0x00, 0x58, 0x56, 0x78, 0xFF, 0x00, 0x00, 
	0x87, 0x6D, 0x94, 0xFF, 0x00, 0x00, 0xA1, 0x7A, 0x9D, 0xFF, 0x00, 0x00, 0x33, 0x3B, 0x67, 0xFF, 
	0x00, 0x00, 0x39, 0x45, 0x73, 0xFF, 0x00, 0x00, 0x39, 0x45, 0x73, 0xFF, 0x00, 0x00, 0x45, 0x4B, 
	0x79, 0xFF, 0x00, 0x00, 0x33, 0x3B, 0x67, 0xFF, 0x00, 0x00, 0x1B, 0x28, 0x47, 0xFF, 0x00, 0x00, 
	0x35, 0x41, 0x6D, 0xFF, 0x00, 0x00, 0x87, 0x6D, 0x94, 0xFF, 0x00, 0x00, 0x87, 0x6D, 0x94, 0xFF, 
	0x00, 0x00, 0x58, 0x56, 0x78, 0xFF, 0x00, 0x00, 0xA6, 0x7D, 0xA2, 0xFF, 0x00, 0x00, 0x54, 0x4E, 
	0x73, 0xFF, 0x00, 0x00, 0x39, 0x3A, 0x55, 0xFF, 0x00, 0x00, 0x1E, 0x2D, 0x51, 0xFF, 0x00, 0x00, 
	0x39, 0x3A, 0x55, 0xFF, 0x07, 0x00, 0x5C, 0x61, 0x64, 0xFF, 0x00, 0x00, 0x79, 0x63, 0x85, 0xFF, 
	0x00, 0x00, 0x54, 0x4E, 0x73, 0xFF, 0x00, 0x00, 0x72, 0x5E, 0x81, 0xFF, 0x00, 0x00, 0x33, 0x3B, 
	0x67, 0xFF, 0x00, 0x00, 0x58, 0x56, 0x78, 0xFF, 0x00, 0x00, 0x5A, 0x56, 0x78, 0xFF, 0x00, 0x00, 
	0x33, 0x3B, 0x67, 0xFF, 0x00, 0x00, 0x63, 0x4C, 0x64, 0xFF, 0x00, 0x00, 0x99, 0x74, 0x96, 0xFF, 
	0x00, 0x00, 0xAB, 0x82, 0xA8, 0xFF, 0x00, 0x00, 0x64, 0x5C, 0x88, 0xFF, 0x00, 0x00, 0x27, 0x39, 
	0x65, 0xFF, 0x00, 0x00, 0x23, 0x32, 0x5A, 0xFF, 0x00, 0x00, 0x64, 0x5C, 0x88, 0xFF, 0x00, 0x00, 
	0x44, 0x44, 0x5B, 0xFF, 0x00, 0x00, 0x96, 0x7A, 0xA7, 0xFF, 0x00, 0x00, 0x9A, 0x80, 0xAE, 0xFF, 
	0x00, 0x00, 0x96, 0x7A, 0xA7, 0xFF, 0x00, 0x00, 0xBD, 0x90, 0xB9, 0xFF, 0x00, 0x00, 0x99, 0x74, 
	0x96, 0xFF, 0x09, 0x00, 0x57, 0x56, 0x67, 0xFF, 0x00, 0x00, 0x57, 0x56, 0x67, 0xFF, 0x00, 0x00, 
	0x65, 0x65, 0x77, 0xFF, 0x00, 0x00, 0x49, 0x48, 0x66, 0xFF, 0x00, 0x00, 0x76, 0x5B, 0x76, 0xFF, 
	0x00, 0x00, 0x49, 0x48, 0x66, 0xFF, 0x00, 0x00, 0x34, 0x39, 0x4A, 0xFF, 0x00, 0x00, 0x20, 0x2E, 
	0x53, 0xFF, 0x00, 0x00, 0x39, 0x3A, 0x55, 0xFF, 0x04, 0x00, 0x9B, 0x74, 0x96, 0xFF, 0x00, 0x00, 
	0xA1, 0x7A, 0x9D, 0xFF, 0x00, 0x00, 0x54, 0x4E, 0x73, 0xFF, 0x00, 0x00, 0x54, 0x4E, 0x73, 0xFF, 
	0x00, 0x00, 0x67, 0x4B, 0x72, 0xFF, 0x00, 0x00, 0xA1, 0x7A, 0x9D, 0xFF, 0x0D, 0x00, 0x4B, 0x4B, 
	0x5B, 0xFF, 0x00, 0x00, 0x76, 0x5B, 0x76, 0xFF, 0x00, 0x00, 0x49, 0x48, 0x66, 0xFF, 0x00, 0x00, 
	0x4C, 0x51, 0x4C, 0xFF, 0x00, 0x00, 0x79, 0x63, 0x85, 0xFF, 0x00, 0x00, 0x2B, 0x31, 0x47, 0xFF, 
	0x07, 0x00, 0x23, 0x32, 0x5A, 0xFF, 0x00, 0x00, 0x23, 0x32, 0x5A, 0xFF, 0x00, 0x00, 0x35, 0x41, 
	0x6D, 0xFF, 0x00, 0x00, 0x49, 0x48, 0x66, 0xFF, 0x00, 0x00, 0x2B, 0x31, 0x47, 0xFF, 0x10, 0x00, 
	0x69, 0x52, 0x6A, 0xFF, 0x00, 0x00, 0x7C, 0x61, 0x7C, 0xFF, 0x00, 0x00, 0x49, 0x48, 0x66, 0xFF, 
	0x08, 0x00, 0x23, 0x32, 0x5A, 0xFF, 0x00, 0x00, 0x20, 0x2E, 0x53, 0xFF, 0x00, 0x00, 0x26, 0x2B, 
	0x46, 0xFF, 0x00, 0x00, 0x31, 0x3B, 0x67, 0xFF, 0x00, 0x00, 0x33, 0x3B, 0x67, 0xFF, 0x00, 0x00, 
	0x1E, 0x2D, 0x51, 0xFF, 0x0F, 0x00, 0x57, 0x56, 0x67, 0xFF, 0x00, 0x00, 0x68, 0x57, 0x75, 0xFF, 
	0x09, 0x00, 0x23, 0x32, 0x5A, 0xFF, 0x00, 0x00, 0x33, 0x33, 0x43, 0xFF, 0x02, 0x00, 0x1B, 0x28, 
	0x47, 0xFF, 0x00, 0x00, 0x23, 0x32, 0x5A, 0xFF, 0x00, 0x00, 0x23, 0x32, 0x5A, 0xFF, 0x00, 0x00, 
	0x34, 0x33, 0x4A, 0xFF, 0x18, 0x00, 0x58, 0x56, 0x78, 0xFF, 0x00, 0x00, 0x2B, 0x31, 0x47, 0xFF, 
	0x00, 0x00, 0x3A, 0x3B, 0x44, 0xFF, 0x00, 0x00, 0x35, 0x39, 0x3A, 0xFF, 0x02, 0x00, 0x39, 0x3A, 
	0x55, 0xFF, 0x00, 0x00, 0x72, 0x5E, 0x81, 0xFF, 0x00, 0x00, 0x72, 0x5E, 0x81, 0xFF, 0x00, 0x00, 
	0x3A, 0x3B, 0x44, 0xFF, 0x3C, 0x00, 0xE3, 0x00, 0x07, 0x00, 0x3D, 0x42, 0x46, 0xFF, 0x00, 0x00, 
	0x39, 0x3B, 0x54, 0xFF, 0x00, 0x00, 0x34, 0x33, 0x4A, 0xFF, 0x00, 0x00, 0x32, 0x33, 0x3C, 0xFF, 
	0x03, 0x00, 0x3A, 0x3B, 0x44, 0xFF, 0x00, 0x00, 0x56, 0x45, 0x59, 0xFF, 0x19, 0x00, 0xD4, 0xA2, 
	0xCD, 0xFF, 0x00, 0x00, 0xE5, 0xAF, 0xE1, 0xFF, 0x00, 0x00, 0xD2, 0x9D, 0xCB, 0xFF, 0x00, 0x00, 
	0xAB, 0x82, 0xA8, 0xFF, 0x00, 0x00, 0x88, 0x68, 0x86, 0xFF, 0x00, 0x00, 0x76, 0x5B, 0x76, 0xFF, 
	0x00, 0x00, 0x81, 0x63, 0x7D, 0xFF, 0x00, 0x00, 0x99, 0x75, 0x94, 0xFF, 0x00, 0x00, 0x7C, 0x61, 
	0x7C, 0xFF, 0x00, 0x00, 0x26, 0x2A, 0x46, 0xFF, 0x01, 0x00, 0x3B, 0x32, 0x43, 0xFF, 0x15, 0x00, 
	0xE3, 0xAA, 0xD9, 0xFF, 0x00, 0x00, 0xF8, 0xB8, 0xF0, 0xFF, 0x00, 0x00, 0xF8, 0xBA, 0xF0, 0xFF, 
	0x00, 0x00, 0xF8, 0xB8, 0xF2, 0xFF, 0x00, 0x00, 0xE3, 0xAA, 0xDB, 0xFF, 0x00, 0x00, 0xC2, 0x92, 
	0xBC, 0xFF, 0x00, 0x00, 0xA6, 0x7D, 0xA2, 0xFF, 0x00, 0x00, 0xBD, 0x90, 0xB9, 0xFF, 0x00, 0x00, 
	0xB2, 0x86, 0xAC, 0xFF, 0x00, 0x00, 0x76, 0x5A, 0x76, 0xFF, 0x00, 0x00, 0x63, 0x4C, 0x64, 0xFF, 
	0x00, 0x00, 0x69, 0x52, 0x6A, 0xFF, 0x14, 0x00, 0xDA, 0xA4, 0xD5, 0xFF, 0x00, 0x00, 0xF4, 0xB6, 
	0xEC, 0xFF, 0x00, 0x00, 0xF4, 0xB6, 0xEC, 0xFF, 0x00, 0x00, 0xF8, 0xBA, 0xF0, 0xFF, 0x00, 0x00, 
	0xF9, 0xBA, 0xF2, 0xFF, 0x00, 0x00, 0xF4, 0xB6, 0xEC, 0xFF, 0x00, 0x00, 0xF8, 0xBA, 0xF0, 0xFF, 
	0x00, 0x00, 0xD4, 0xA0, 0xCD, 0xFF, 0x00, 0x00, 0xA6, 0x7D, 0xA2, 0xFF, 0x00, 0x00, 0xC2, 0x92, 
	0xBC, 0xFF, 0x00, 0x00, 0xB2, 0x86, 0xAC, 0xFF, 0x00, 0x00, 0xA0, 0x7A, 0x9D, 0xFF, 0x00, 0x00, 
	0x77, 0x5A, 0x76, 0xFF, 0x0A, 0x00, 0x99, 0x74, 0x96, 0xFF, 0x00, 0x00, 0xA6, 0x7D, 0xA2, 0xFF, 
	0x00, 0x00, 0x4D, 0x51, 0x64, 0xFF, 0x06, 0x00, 0xC2, 0x92, 0xBC, 0xFF, 0x00, 0x00, 0xF4, 0xB6, 
	0xEC, 0xFF, 0x00, 0x00, 0xF4, 0xB6, 0xEC, 0xFF, 0x00, 0x00, 0xE7, 0xAE, 0xE1, 0xFF, 0x00, 0x00, 
	0xF4, 0xB6, 0xEC, 0xFF, 0x00, 0x00, 0xF8, 0xBA, 0xF0, 0xFF, 0x00, 0x00, 0xFB, 0xBA, 0xF0, 0xFF, 
	0x00, 0x00, 0xF8, 0xBA, 0xF0, 0xFF, 0x00, 0x00, 0xF9, 0xBA, 0xF0, 0xFF, 0x00, 0x00, 0xC9, 0x98, 
	0xC5, 0xFF, 0x00, 0x00, 0xAB, 0x82, 0xA8, 0xFF, 0x00, 0x00, 0xB2, 0x86, 0xAC, 0xFF, 0x00, 0x00, 
	0xAB, 0x82, 0xA8, 0xFF, 0x00, 0x00, 0x88, 0x69, 0x86, 0xFF, 0x00, 0x00, 0x69, 0x52, 0x6A, 0xFF, 
	0x00, 0x00, 0x93, 0x95, 0x8D, 0xFF, 0x09, 0x00, 0x39, 0x3A, 0x55, 0xFF, 0x00, 0x00, 0x21, 0x32, 
	0x5A, 0xFF, 0x00, 0x00, 0x39, 0x3A, 0x55, 0xFF, 0x04, 0x00, 0xC2, 0x92, 0xBC, 0xFF, 0x00, 0x00, 
	0xF5, 0xB6, 0xEC, 0xFF, 0x00, 0x00, 0xF8, 0xBA, 0xF0, 0xFF, 0x00, 0x00, 0xF8, 0xBA, 0xF0, 0xFF, 
	0x00, 0x00, 0xEE, 0xB1, 0xE5, 0xFF, 0x00, 0x00, 0xEC, 0xB1, 0xE5, 0xFF, 0x00, 0x00, 0xEC, 0xB1, 
	0xE5, 0xFF, 0x00, 0x00, 0xE3, 0xAA, 0xDB, 0xFF, 0x00, 0x00, 0x8B, 0x72, 0x9A, 0xFF, 0x00, 0x00, 
	0xAB, 0x82, 0xA8, 0xFF, 0x00, 0x00, 0xC8, 0x99, 0xC5, 0xFF, 0x00, 0x00, 0xC2, 0x92, 0xBC, 0xFF, 
	0x00, 0x00, 0xAB, 0x82, 0xA8, 0xFF, 0x00, 0x00, 0x63, 0x4C, 0x64, 0xFF, 0x00, 0x00, 0x91, 0x91, 
	0xA1, 0xFF, 0x00, 0x00, 0xAE, 0xB1, 0xA6, 0xFF, 0x0A, 0x00, 0x2B, 0x31, 0x47, 0xFF, 0x00, 0x00, 
	0x23, 0x32, 0x5A, 0xFF, 0x00, 0x00, 0x23, 0x32, 0x5A, 0xFF, 0x00, 0x00, 0x23, 0x32, 0x5A, 0xFF, 
	0x00, 0x00, 0x35, 0x39, 0x4B, 0xFF, 0x01, 0x00, 0xD2, 0x9D, 0xCB, 0xFF, 0x00, 0x00, 0xF8, 0xBA, 
	0xF0, 0xFF, 0x00, 0x00, 0xF4, 0xB6, 0xEC, 0xFF, 0x00, 0x00, 0xEC, 0xB1, 0xE5, 0xFF, 0x00, 0x00, 
	0xEC, 0xB1, 0xE5, 0xFF, 0x00, 0x00, 0xF8, 0xBA, 0xF0, 0xFF, 0x00, 0x00, 0xF8, 0xBA, 0xF0, 0xFF, 
	0x00, 0x00, 0xF4, 0xB6, 0xEC, 0xFF, 0x00, 0x00, 0x58, 0x54, 0x78, 0xFF, 0x00, 0x00, 0x1F, 0x30, 
	0x56, 0xFF, 0x00, 0x00, 0x54, 0x4E, 0x73, 0xFF, 0x00, 0x00, 0x54, 0x4E, 0x73, 0xFF, 0x00, 0x00, 
	0x88, 0x68, 0x86, 0xFF, 0x00, 0x00, 0x44, 0x44, 0x5B, 0xFF, 0x00, 0x00, 0x57, 0x56, 0x65, 0xFF, 
	0x00, 0x00, 0xBD, 0xC1, 0xB4, 0xFF, 0x01, 0x00, 0x57, 0x56, 0x67, 0xFF, 0x0A, 0x00, 0x2B, 0x31, 
	0x47, 0xFF, 0x00, 0x00, 0x23, 0x32, 0x5B, 0xFF, 0x00, 0x00, 0x23, 0x30, 0x5A, 0xFF, 0x00, 0x00, 
	0x23, 0x32, 0x5A, 0xFF, 0x00, 0x00, 0x33, 0x3B, 0x67, 0xFF, 0x00, 0x00, 0x55, 0x4E, 0x73, 0xFF, 
	0x00, 0x00, 0x68, 0x57, 0x77, 0xFF, 0x00, 0x00, 0x68, 0x57, 0x75, 0xFF, 0x00, 0x00, 0x72, 0x5E, 
	0x81, 0xFF, 0x00, 0x00, 0x87, 0x6D, 0x94, 0xFF, 0x00, 0x00, 0x79, 0x62, 0x85, 0xFF, 0x00, 0x00, 
	0xAB, 0x82, 0xA8, 0xFF, 0x00, 0x00, 0xD2, 0x9F, 0xCB, 0xFF, 0x00, 0x00, 0x33, 0x3B, 0x64, 0xFF, 
	0x00, 0x00, 0x72, 0x5E, 0x81, 0xFF, 0x00, 0x00, 0xC0, 0x8F, 0xB9, 0xFF, 0x00, 0x00, 0x91, 0x6D, 
	0x8D, 0xFF, 0x00, 0x00, 0x68, 0x57, 0x75, 0xFF, 0x00, 0x00, 0x20, 0x2E, 0x53, 0xFF, 0x00, 0x00, 
	0xA9, 0xAC, 0xA3, 0xFF, 0x00, 0x00, 0xC5, 0xC8, 0xBA, 0xFF, 0x00, 0x00, 0x9C, 0xA1, 0x97, 0xFF, 
	0x0D, 0x00, 0x29, 0x33, 0x47, 0xFF, 0x00, 0x00, 0x49, 0x48, 0x65, 0xFF, 0x00, 0x00, 0x79, 0x63, 
	0x87, 0xFF, 0x00, 0x00, 0x87, 0x6D, 0x94, 0xFF, 0x00, 0x00, 0x79, 0x63, 0x85, 0xFF, 0x00, 0x00, 
	0x27, 0x39, 0x65, 0xFF, 0x00, 0x00, 0x79, 0x63, 0x87, 0xFF, 0x00, 0x00, 0x23, 0x30, 0x5A, 0xFF, 
	0x00, 0x00, 0x65, 0x5C, 0x88, 0xFF, 0x00, 0x00, 0x8B, 0x72, 0x9A, 0xFF, 0x00, 0x00, 0x49, 0x48, 
	0x66, 0xFF, 0x00, 0x00, 0x27, 0x39, 0x65, 0xFF, 0x00, 0x00, 0x79, 0x61, 0x87, 0xFF, 0x00, 0x00, 
	0x69, 0x52, 0x6A, 0xFF, 0x01, 0x00, 0x2A, 0x31, 0x47, 0xFF, 0x00, 0x00, 0x23, 0x32, 0x5A, 0xFF, 
	0x00, 0x00, 0x4D, 0x51, 0x64, 0xFF, 0x00, 0x00, 0x89, 0x8C, 0x84, 0xFF, 0x00, 0x00, 0x54, 0x4E, 
	0x73, 0xFF, 0x00, 0x00, 0x4E, 0x3F, 0x68, 0xFF, 0x00, 0x00, 0x20, 0x2E, 0x53, 0xFF, 0x0D, 0x00, 
	0x44, 0x44, 0x5B, 0xFF, 0x00, 0x00, 0x72, 0x5C, 0x81, 0xFF, 0x00, 0x00, 0x1F, 0x32, 0x56, 0xFF, 
	0x00, 0x00, 0x58, 0x56, 0x78, 0xFF, 0x00, 0x00, 0x69, 0x57, 0x75, 0xFF, 0x00, 0x00, 0x64, 0x5E, 
	0x88, 0xFF, 0x00, 0x00, 0x39, 0x45, 0x73, 0xFF, 0x00, 0x00, 0x45, 0x4B, 0x79, 0xFF, 0x00, 0x00, 
	0x58, 0x56, 0x78, 0xFF, 0x00, 0x00, 0x27, 0x39, 0x65, 0xFF, 0x00, 0x00, 0x1E, 0x2D, 0x51, 0xFF, 
	0x00, 0x00, 0x26, 0x39, 0x65, 0xFF, 0x00, 0x00, 0x35, 0x41, 0x6D, 0xFF, 0x00, 0x00, 0x79, 0x63, 
	0x85, 0xFF, 0x00, 0x00, 0x58, 0x56, 0x78, 0xFF, 0x00, 0x00, 0x54, 0x4E, 0x73, 0xFF, 0x00, 0x00, 
	0x49, 0x49, 0x66, 0xFF, 0x00, 0x00, 0x54, 0x4F, 0x73, 0xFF, 0x00, 0x00, 0x27, 0x39, 0x65, 0xFF, 
	0x00, 0x00, 0x1E, 0x2D, 0x51, 0xFF, 0x0C, 0x00, 0x68, 0x57, 0x75, 0xFF, 0x00, 0x00, 0x27, 0x39, 
	0x65, 0xFF, 0x00, 0x00, 0x54, 0x4E, 0x71, 0xFF, 0x00, 0x00, 0x49, 0x48, 0x66, 0xFF, 0x00, 0x00, 
	0x44, 0x44, 0x5B, 0xFF, 0x00, 0x00, 0x99, 0x75, 0x96, 0xFF, 0x00, 0x00, 0x33, 0x3B, 0x67, 0xFF, 
	0x00, 0x00, 0x23, 0x32, 0x5A, 0xFF, 0x00, 0x00, 0x23, 0x32, 0x5A, 0xFF, 0x00, 0x00, 0x58, 0x56, 
	0x78, 0xFF, 0x00, 0x00, 0x20, 0x2E, 0x53, 0xFF, 0x00, 0x00, 0x54, 0x4E, 0x73, 0xFF, 0x00, 0x00, 
	0x8B, 0x72, 0x9A, 0xFF, 0x00, 0x00, 0x9A, 0x80, 0xAE, 0xFF, 0x00, 0x00, 0xB9, 0x8B, 0xB4, 0xFF, 
	0x00, 0x00, 0xD2, 0x9D, 0xCB, 0xFF, 0x00, 0x00, 0xA1, 0x78, 0x9D, 0xFF, 0x00, 0x00, 0x46, 0x38, 
	0x48, 0xFF, 0x0D, 0x00, 0x4A, 0x4B, 0x52, 0xFF, 0x00, 0x00, 0x68, 0x55, 0x75, 0xFF, 0x00, 0x00, 
	0x64, 0x5C, 0x88, 0xFF, 0x00, 0x00, 0x1E, 0x2D, 0x51, 0xFF, 0x03, 0x00, 0xB9, 0x8B, 0xB6, 0xFF, 
	0x00, 0x00, 0x96, 0x7A, 0xA7, 0xFF, 0x00, 0x00, 0x27, 0x39, 0x65, 0xFF, 0x00, 0x00, 0x58, 0x56, 
	0x78, 0xFF, 0x00, 0x00, 0x87, 0x6D, 0x95, 0xFF, 0x00, 0x00, 0xC9, 0x98, 0xC5, 0xFF, 0x00, 0x00, 
	0xB9, 0x8B, 0xB5, 0xFF, 0x00, 0x00, 0x92, 0x6F, 0x90, 0xFF, 0x10, 0x00, 0x45, 0x49, 0x4A, 0xFF, 
	0x00, 0x00, 0x4A, 0x4A, 0x4A, 0xFF, 0x00, 0x00, 0x68, 0x57, 0x75, 0xFF, 0x00, 0x00, 0x69, 0x52, 
	0x6A, 0xFF, 0x00, 0x00, 0x78, 0x62, 0x85, 0xFF, 0x00, 0x00, 0x44, 0x44, 0x5B, 0xFF, 0x03, 0x00, 
	0x63, 0x4C, 0x64, 0xFF, 0x00, 0x00, 0x54, 0x4E, 0x73, 0xFF, 0x00, 0x00, 0x49, 0x48, 0x66, 0xFF, 
	0x14, 0x00, 0x4A, 0x4B, 0x53, 0xFF, 0x00, 0x00, 0x44, 0x44, 0x5B, 0xFF, 0x00, 0x00, 0x45, 0x45, 
	0x5B, 0xFF, 0x00, 0x00, 0x3A, 0x3B, 0x45, 0xFF, 0x00, 0x00, 0x44, 0x4A, 0x53, 0xFF, 0x00, 0x00, 
	0x57, 0x4E, 0x73, 0xFF, 0x00, 0x00, 0x39, 0x3A, 0x55, 0xFF, 0x00, 0x00, 0x4B, 0x4B, 0x5B, 0xFF, 
	0x00, 0x00, 0x57, 0x56, 0x67, 0xFF, 0x00, 0x00, 0x44, 0x44, 0x5B, 0xFF, 0x00, 0x00, 0x23, 0x32, 
	0x5A, 0xFF, 0x00, 0x00, 0x49, 0x48, 0x66, 0xFF, 0x18, 0x00, 0x3A, 0x3B, 0x44, 0xFF, 0x00, 0x00, 
	0x39, 0x3A, 0x55, 0xFF, 0x01, 0x00, 0x34, 0x39, 0x4A, 0xFF, 0x00, 0x00, 0x33, 0x39, 0x66, 0xFF, 
	0x00, 0x00, 0x33, 0x3B, 0x67, 0xFF, 0x00, 0x00, 0x39, 0x3A, 0x55, 0xFF, 0x00, 0x00, 0x27, 0x39, 
	0x67, 0xFF, 0x1F, 0x00, 0x37, 0x41, 0x6D, 0xFF, 0x00, 0x00, 0x79, 0x63, 0x87, 0xFF, 0x00, 0x00, 
	0x68, 0x57, 0x74, 0xFF, 0x00, 0x00, 0x66, 0x68, 0x67, 0xFF, 0x3C, 0x00, 0xBF, 0x00, 0x2D, 0x00, 
	0x2A, 0x32, 0x2D, 0xFF, 0x00, 0x00, 0x50, 0x3D, 0x4E, 0xFF, 0x00, 0x00, 0x14, 0x15, 0x1B, 0xFF, 
	0x18, 0x00, 0x11, 0x0D, 0x14, 0xFF, 0x00, 0x00, 0x69, 0x52, 0x6A, 0xFF, 0x00, 0x00, 0xAB, 0x82, 
	0xA8, 0xFF, 0x00, 0x00, 0x92, 0x6E, 0x90, 0xFF, 0x00, 0x00, 0x57, 0x45, 0x59, 0xFF, 0x00, 0x00, 
	0x50, 0x3D, 0x4E, 0xFF, 0x00, 0x00, 0x60, 0x49, 0x5E, 0xFF, 0x00, 0x00, 0xA6, 0x7D, 0xA2, 0xFF, 
	0x00, 0x00, 0xA6, 0x7D, 0xA2, 0xFF, 0x00, 0x00, 0x4C, 0x41, 0x53, 0xFF, 0x18, 0x00, 0xC2, 0x92, 
	0xBC, 0xFF, 0x00, 0x00, 0xEC, 0xB1, 0xE5, 0xFF, 0x00, 0x00, 0xEC, 0xB1, 0xE5, 0xFF, 0x00, 0x00, 
	0xE3, 0xAA, 0xDB, 0xFF, 0x00, 0x00, 0xC2, 0x92, 0xBC, 0xFF, 0x00, 0x00, 0xA6, 0x7D, 0xA2, 0xFF, 
	0x00, 0x00, 0x7C, 0x61, 0x7C, 0xFF, 0x00, 0x00, 0xA6, 0x7D, 0xA2, 0xFF, 0x00, 0x00, 0x88, 0x68, 
	0x86, 0xFF, 0x00, 0x00, 0x76, 0x5B, 0x76, 0xFF, 0x00, 0x00, 0x69, 0x52, 0x6A, 0xFF, 0x16, 0x00, 
	0xE7, 0xAE, 0xE1, 0xFF, 0x00, 0x00, 0xED, 0xB1, 0xE5, 0xFF, 0x00, 0x00, 0xE5, 0xB0, 0xDE, 0xFF, 
	0x00, 0x00, 0xEC, 0xB1, 0xE5, 0xFF, 0x00, 0x00, 0xF4, 0xB6, 0xEC, 0xFF, 0x00, 0x00, 0xEC, 0xB1, 
	0xE5, 0xFF, 0x00, 0x00, 0xC9, 0x98, 0xC5, 0xFF, 0x00, 0x00, 0xA6, 0x7D, 0xA2, 0xFF, 0x00, 0x00, 
	0x99, 0x74, 0x96, 0xFF, 0x00, 0x00, 0x88, 0x68, 0x86, 0xFF, 0x00, 0x00, 0x99, 0x74, 0x96, 0xFF, 
	0x00, 0x00, 0x76, 0x5B, 0x76, 0xFF, 0x00, 0x00, 0x59, 0x4A, 0x64, 0xFF, 0x01, 0x00, 0x81, 0x84, 
	0x7C, 0xFF, 0x00, 0x00, 0x42, 0x43, 0x4B, 0xFF, 0x10, 0x00, 0xE7, 0xAE, 0xE1, 0xFF, 0x00, 0x00, 
	0xEC, 0xB1, 0xE4, 0xFF, 0x00, 0x00, 0xEC, 0xB1, 0xE5, 0xFF, 0x00, 0x00, 0xE7, 0xAE, 0xE1, 0xFF, 
	0x00, 0x00, 0xE7, 0xAE, 0xE1, 0xFF, 0x00, 0x00, 0xE7, 0xAE, 0xE1, 0xFF, 0x00, 0x00, 0xE3, 0xAA, 
	0xDB, 0xFF, 0x00, 0x00, 0x8B, 0x72, 0x9A, 0xFF, 0x00, 0x00, 0x87, 0x6D, 0x94, 0xFF, 0x00, 0x00, 
	0x91, 0x6D, 0x8D, 0xFF, 0x00, 0x00, 0x76, 0x5B, 0x76, 0xFF, 0x00, 0x00, 0x92, 0x6E, 0x90, 0xFF, 
	0x00, 0x00, 0x70, 0x55, 0x6E, 0xFF, 0x00, 0x00, 0x93, 0x95, 0x8D, 0xFF, 0x00, 0x00, 0xA9, 0xAC, 
	0xA3, 0xFF, 0x06, 0x00, 0x57, 0x45, 0x59, 0xFF, 0x00, 0x00, 0x81, 0x62, 0x7D, 0xFF, 0x08, 0x00, 
	0xA6, 0x7D, 0xA2, 0xFF, 0x00, 0x00, 0xEC, 0xB1, 0xE5, 0xFF, 0x00, 0x00, 0xF4, 0xB6, 0xEC, 0xFF, 
	0x00, 0x00, 0xEC, 0xB1, 0xE5, 0xFF, 0x00, 0x00, 0xEC, 0xB1, 0xE5, 0xFF, 0x00, 0x00, 0xE3, 0xAA, 
	0xDB, 0xFF, 0x00, 0x00, 0xDA, 0xA4, 0xD5, 0xFF, 0x00, 0x00, 0xDA, 0xA4, 0xD5, 0xFF, 0x00, 0x00, 
	0x54, 0x4E, 0x73, 0xFF, 0x00, 0x00, 0x23, 0x32, 0x5A, 0xFF, 0x00, 0x00, 0x33, 0x3B, 0x67, 0xFF, 
	0x00, 0x00, 0x72, 0x5E, 0x81, 0xFF, 0x00, 0x00, 0x68, 0x57, 0x75, 0xFF, 0x00, 0x00, 0x39, 0x3A, 
	0x55, 0xFF, 0x00, 0x00, 0x6E, 0x70, 0x80, 0xFF, 0x00, 0x00, 0xAE, 0xB1, 0xA7, 0xFF, 0x01, 0x00, 
	0x60, 0x63, 0x5D, 0xFF, 0x05, 0x00, 0xA6, 0x7D, 0xA2, 0xFF, 0x00, 0x00, 0x68, 0x57, 0x75, 0xFF, 
	0x00, 0x00, 0x1E, 0x2D, 0x51, 0xFF, 0x00, 0x00, 0x1F, 0x30, 0x56, 0xFF, 0x00, 0x00, 0x20, 0x2E, 
	0x53, 0xFF, 0x00, 0x00, 0x1E, 0x2D, 0x51, 0xFF, 0x00, 0x00, 0x1E, 0x2D, 0x51, 0xFF, 0x00, 0x00, 
	0x1E, 0x2D, 0x51, 0xFF, 0x00, 0x00, 0x1F, 0x30, 0x56, 0xFF, 0x00, 0x00, 0x68, 0x57, 0x75, 0xFF, 
	0x00, 0x00, 0x68, 0x57, 0x75, 0xFF, 0x00, 0x00, 0x68, 0x57, 0x75, 0xFF, 0x00, 0x00, 0x49, 0x48, 
	0x66, 0xFF, 0x00, 0x00, 0x23, 0x32, 0x5A, 0xFF, 0x00, 0x00, 0x23, 0x32, 0x5A, 0xFF, 0x00, 0x00, 
	0x87, 0x6D, 0x94, 0xFF, 0x00, 0x00, 0x49, 0x48, 0x66, 0xFF, 0x00, 0x00, 0x79, 0x63, 0x85, 0xFF, 
	0x00, 0x00, 0x23, 0x32, 0x5A, 0xFF, 0x00, 0x00, 0x67, 0x4B, 0x72, 0xFF, 0x00, 0x00, 0x92, 0x6E, 
	0x90, 0xFF, 0x00, 0x00, 0x67, 0x4B, 0x72, 0xFF, 0x00, 0x00, 0x39, 0x3A, 0x55, 0xFF, 0x00, 0x00, 
	0x39, 0x3A, 0x55, 0xFF, 0x00, 0x00, 0xAE, 0xB1, 0xA6, 0xFF, 0x00, 0x00, 0xBD, 0xC1, 0xB4, 0xFF, 
	0x00, 0x00, 0xA9, 0xAC, 0xA3, 0xFF, 0x08, 0x00, 0x1B, 0x28, 0x47, 0xFF, 0x00, 0x00, 0x1E, 0x2D, 
	0x51, 0xFF, 0x00, 0x00, 0x20, 0x2E, 0x53, 0xFF, 0x00, 0x00, 0x1F, 0x30, 0x56, 0xFF, 0x00, 0x00, 
	0x23, 0x32, 0x5A, 0xFF, 0x00, 0x00, 0x20, 0x2E, 0x53, 0xFF, 0x00, 0x00, 0x23, 0x32, 0x5A, 0xFF, 
	0x00, 0x00, 0x54, 0x4E, 0x73, 0xFF, 0x00, 0x00, 0x88, 0x68, 0x86, 0xFF, 0x00, 0x00, 0x99, 0x74, 
	0x96, 0xFF, 0x00, 0x00, 0x68, 0x57, 0x75, 0xFF, 0x00, 0x00, 0x27, 0x39, 0x65, 0xFF, 0x00, 0x00, 
	0x58, 0x56, 0x78, 0xFF, 0x00, 0x00, 0x20, 0x2E, 0x53, 0xFF, 0x00, 0x00, 0x58, 0x56, 0x78, 0xFF, 
	0x00, 0x00, 0x23, 0x32, 0x5A, 0xFF, 0x00, 0x00, 0x25, 0x39, 0x65, 0xFF, 0x00, 0x00, 0x33, 0x3B, 
	0x67, 0xFF, 0x00, 0x00, 0x63, 0x4C, 0x64, 0xFF, 0x02, 0x00, 0x26, 0x2B, 0x46, 0xFF, 0x00, 0x00, 
	0x57, 0x56, 0x67, 0xFF, 0x00, 0x00, 0x88, 0x8C, 0x84, 0xFF, 0x00, 0x00, 0x58, 0x56, 0x78, 0xFF, 
	0x00, 0x00, 0x54, 0x4E, 0x73, 0xFF, 0x00, 0x00, 0x1E, 0x2D, 0x51, 0xFF, 0x0F, 0x00, 0x26, 0x2B, 
	0x46, 0xFF, 0x00, 0x00, 0x23, 0x32, 0x5B, 0xFF, 0x00, 0x00, 0x54, 0x4E, 0x73, 0xFF, 0x00, 0x00, 
	0x54, 0x4E, 0x73, 0xFF, 0x00, 0x00, 0x39, 0x45, 0x73, 0xFF, 0x00, 0x00, 0x58, 0x56, 0x78, 0xFF, 
	0x00, 0x00, 0x54, 0x4E, 0x73, 0xFF, 0x00, 0x00, 0x39, 0x45, 0x73, 0xFF, 0x00, 0x00, 0x1B, 0x28, 
	0x47, 0xFF, 0x00, 0x00, 0x27, 0x39, 0x65, 0xFF, 0x00, 0x00, 0x33, 0x3B, 0x67, 0xFF, 0x00, 0x00, 
	0x64, 0x5C, 0x88, 0xFF, 0x00, 0x00, 0x58, 0x56, 0x78, 0xFF, 0x00, 0x00, 0x35, 0x41, 0x6D, 0xFF, 
	0x00, 0x00, 0x23, 0x32, 0x5A, 0xFF, 0x00, 0x00, 0x49, 0x48, 0x66, 0xFF, 0x00, 0x00, 0x23, 0x32, 
	0x5A, 0xFF, 0x00, 0x00, 0x2B, 0x31, 0x47, 0xFF, 0x0E, 0x00, 0x26, 0x2B, 0x46, 0xFF, 0x00, 0x00, 
	0x1F, 0x30, 0x56, 0xFF, 0x00, 0x00, 0x49, 0x48, 0x66, 0xFF, 0x00, 0x00, 0x54, 0x4E, 0x73, 0xFF, 
	0x00, 0x00, 0x87, 0x6D, 0x94, 0xFF, 0x00, 0x00, 0x23, 0x32, 0x5A, 0xFF, 0x00, 0x00, 0x23, 0x32, 
	0x5A, 0xFF, 0x00, 0x00, 0x58, 0x56, 0x78, 0xFF, 0x00, 0x00, 0x23, 0x32, 0x5A, 0xFF, 0x00, 0x00, 
	0x54, 0x4E, 0x73, 0xFF, 0x00, 0x00, 0x79, 0x63, 0x85, 0xFF, 0x00, 0x00, 0x87, 0x6D, 0x94, 0xFF, 
	0x00, 0x00, 0xA7, 0x88, 0xB9, 0xFF, 0x00, 0x00, 0xC2, 0x92, 0xBC, 0xFF, 0x00, 0x00, 0xB9, 0x8B, 
	0xB4, 0xFF, 0x00, 0x00, 0x79, 0x63, 0x85, 0xFF, 0x10, 0x00, 0x39, 0x3A, 0x55, 0xFF, 0x00, 0x00, 
	0x23, 0x32, 0x5A, 0xFF, 0x00, 0x00, 0x54, 0x4E, 0x73, 0xFF, 0x00, 0x00, 0x39, 0x3A, 0x55, 0xFF, 
	0x00, 0x00, 0x99, 0x74, 0x96, 0xFF, 0x00, 0x00, 0x49, 0x48, 0x66, 0xFF, 0x00, 0x00, 0x58, 0x56, 
	0x78, 0xFF, 0x00, 0x00, 0x59, 0x56, 0x78, 0xFF, 0x00, 0x00, 0x54, 0x4E, 0x73, 0xFF, 0x00, 0x00, 
	0xC2, 0x92, 0xBC, 0xFF, 0x00, 0x00, 0xC9, 0x98, 0xC5, 0xFF, 0x00, 0x00, 0xBB, 0x8B, 0xB4, 0xFF, 
	0x00, 0x00, 0x88, 0x68, 0x86, 0xFF, 0x14, 0x00, 0x39, 0x3A, 0x55, 0xFF, 0x00, 0x00, 0x54, 0x4E, 
	0x73, 0xFF, 0x00, 0x00, 0x39, 0x3A, 0x55, 0xFF, 0x00, 0x00, 0x2B, 0x31, 0x47, 0xFF, 0x00, 0x00, 
	0x54, 0x4E, 0x73, 0xFF, 0x00, 0x00, 0x20, 0x2E, 0x53, 0xFF, 0x00, 0x00, 0x76, 0x5B, 0x76, 0xFF, 
	0x00, 0x00, 0x63, 0x4C, 0x65, 0xFF, 0x18, 0x00, 0x4A, 0x4A, 0x4A, 0xFF, 0x00, 0x00, 0x59, 0x4B, 
	0x64, 0xFF, 0x00, 0x00, 0x72, 0x5E, 0x81, 0xFF, 0x00, 0x00, 0x54, 0x4E, 0x73, 0xFF, 0x00, 0x00, 
	0x44, 0x44, 0x5B, 0xFF, 0x00, 0x00, 0x1F, 0x30, 0x56, 0xFF, 0x1A, 0x00, 0x3A, 0x3B, 0x44, 0xFF, 
	0x00, 0x00, 0x4B, 0x42, 0x5A, 0xFF, 0x00, 0x00, 0x49, 0x48, 0x66, 0xFF, 0x00, 0x00, 0x34, 0x33, 
	0x4A, 0xFF, 0x00, 0x00, 0x4B, 0x42, 0x5A, 0xFF, 0x3C, 0x00, 0xC0, 0x00, 0x47, 0x00, 0x27, 0x26, 
	0x36, 0xFF, 0x00, 0x00, 0x3B, 0x32, 0x42, 0xFF, 0x00, 0x00, 0x1C, 0x22, 0x28, 0xFF, 0x00, 0x00, 
	0x1C, 0x22, 0x28, 0xFF, 0x03, 0x00, 0x46, 0x38, 0x48, 0xFF, 0x00, 0x00, 0x69, 0x52, 0x6A, 0xFF, 
	0x18, 0x00, 0xA1, 0x7A, 0x9D, 0xFF, 0x00, 0x00, 0xD2, 0x9F, 0xCB, 0xFF, 0x00, 0x00, 0xE3, 0xA8, 
	0xD9, 0xFF, 0x00, 0x00, 0xC9, 0x99, 0xC4, 0xFF, 0x00, 0x00, 0xB2, 0x86, 0xAC, 0xFF, 0x00, 0x00, 
	0x91, 0x6D, 0x8D, 0xFF, 0x00, 0x00, 0x62, 0x49, 0x5F, 0xFF, 0x00, 0x00, 0x88, 0x68, 0x86, 0xFF, 
	0x00, 0x00, 0xA1, 0x7A, 0x9D, 0xFF, 0x00, 0x00, 0x92, 0x6E, 0x90, 0xFF, 0x00, 0x00, 0x69, 0x52, 
	0x6A, 0xFF, 0x01, 0x00, 0x32, 0x33, 0x3C, 0xFF, 0x14, 0x00, 0x76, 0x5B, 0x76, 0xFF, 0x00, 0x00, 
	0xDA, 0xA4, 0xD4, 0xFF, 0x00, 0x00, 0xEC, 0xB0, 0xE5, 0xFF, 0x00, 0x00, 0xEC, 0xB1, 0xE5, 0xFF, 
	0x00, 0x00, 0xF4, 0xB6, 0xEC, 0xFF, 0x00, 0x00, 0xF4, 0xB6, 0xEC, 0xFF, 0x00, 0x00, 0xDA, 0xA6, 
	0xD5, 0xFF, 0x00, 0x00, 0xC2, 0x92, 0xBC, 0xFF, 0x00, 0x00, 0xA6, 0x7D, 0xA2, 0xFF, 0x00, 0x00, 
	0xBF, 0x90, 0xB9, 0xFF, 0x00, 0x00, 0xA6, 0x7D, 0xA2, 0xFF, 0x00, 0x00, 0x70, 0x55, 0x6E, 0xFF, 
	0x00, 0x00, 0x76, 0x5B, 0x76, 0xFF, 0x00, 0x00, 0x33, 0x2F, 0x43, 0xFF, 0x02, 0x00, 0x6D, 0x71, 
	0x6B, 0xFF, 0x10, 0x00, 0xA1, 0x7A, 0x9D, 0xFF, 0x00, 0x00, 0xF4, 0xB6, 0xEC, 0xFF, 0x00, 0x00, 
	0xF4, 0xB6, 0xEC, 0xFF, 0x00, 0x00, 0xE5, 0xAC, 0xE1, 0xFF, 0x00, 0x00, 0xE7, 0xAE, 0xE1, 0xFF, 
	0x00, 0x00, 0xF4, 0xB6, 0xEC, 0xFF, 0x00, 0x00, 0xF8, 0xBA, 0xF2, 0xFF, 0x00, 0x00, 0xDA, 0xA5, 
	0xD5, 0xFF, 0x00, 0x00, 0xC8, 0x98, 0xC5, 0xFF, 0x00, 0x00, 0xB9, 0x8A, 0xB4, 0xFF, 0x00, 0x00, 
	0xB2, 0x84, 0xAC, 0xFF, 0x00, 0x00, 0x76, 0x5B, 0x76, 0xFF, 0x00, 0x00, 0x63, 0x4D, 0x64, 0xFF, 
	0x00, 0x00, 0x57, 0x45, 0x59, 0xFF, 0x00, 0x00, 0x88, 0x8C, 0x84, 0xFF, 0x00, 0x00, 0x93, 0x95, 
	0x8D, 0xFF, 0x11, 0x00, 0xD4, 0xA0, 0xCD, 0xFF, 0x00, 0x00, 0xF4, 0xB6, 0xEC, 0xFF, 0x00, 0x00, 
	0xEC, 0xB1, 0xE5, 0xFF, 0x00, 0x00, 0xEC, 0xB1, 0xE5, 0xFF, 0x00, 0x00, 0xE7, 0xAE, 0xE1, 0xFF, 
	0x00, 0x00, 0xDB, 0xA4, 0xD5, 0xFF, 0x00, 0x00, 0x92, 0x6E, 0x90, 0xFF, 0x00, 0x00, 0x23, 0x32, 
	0x58, 0xFF, 0x00, 0x00, 0x23, 0x32, 0x5A, 0xFF, 0x00, 0x00, 0x54, 0x4F, 0x73, 0xFF, 0x00, 0x00, 
	0x87, 0x6D, 0x94, 0xFF, 0x00, 0x00, 0x67, 0x4B, 0x72, 0xFF, 0x00, 0x00, 0x26, 0x2B, 0x46, 0xFF, 
	0x00, 0x00, 0x78, 0x7B, 0x79, 0xFF, 0x00, 0x00, 0x9D, 0xA1, 0x96, 0xFF, 0x00, 0x00, 0x3B, 0x35, 
	0x4B, 0xFF, 0x00, 0x00, 0x7A, 0x7B, 0x79, 0xFF, 0x0F, 0x00, 0xB9, 0x8B, 0xB4, 0xFF, 0x00, 0x00, 
	0xF4, 0xB6, 0xEC, 0xFF, 0x00, 0x00, 0xC9, 0x98, 0xC5, 0xFF, 0x00, 0x00, 0x85, 0x6D, 0x94, 0xFF, 
	0x00, 0x00, 0x39, 0x3A, 0x55, 0xFF, 0x00, 0x00, 0x64, 0x5C, 0x88, 0xFF, 0x00, 0x00, 0x58, 0x56, 
	0x78, 0xFF, 0x00, 0x00, 0x44, 0x44, 0x5B, 0xFF, 0x00, 0x00, 0x25, 0x3B, 0x65, 0xFF, 0x00, 0x00, 
	0x1F, 0x32, 0x56, 0xFF, 0x00, 0x00, 0x4B, 0x42, 0x5A, 0xFF, 0x00, 0x00, 0x72, 0x5E, 0x81, 0xFF, 
	0x00, 0x00, 0x49, 0x48, 0x66, 0xFF, 0x00, 0x00, 0x39, 0x3A, 0x55, 0xFF, 0x00, 0x00, 0xAC, 0xB1, 
	0xA6, 0xFF, 0x00, 0x00, 0xB4, 0xB7, 0xAB, 0xFF, 0x00, 0x00, 0xBD, 0xC1, 0xB4, 0xFF, 0x00, 0x00, 
	0x44, 0x44, 0x5B, 0xFF, 0x00, 0x00, 0x34, 0x33, 0x4A, 0xFF, 0x03, 0x00, 0x70, 0x55, 0x6C, 0xFF, 
	0x00, 0x00, 0x76, 0x5B, 0x76, 0xFF, 0x08, 0x00, 0x77, 0x5B, 0x76, 0xFF, 0x00, 0x00, 0x72, 0x5E, 
	0x81, 0xFF, 0x00, 0x00, 0x27, 0x39, 0x65, 0xFF, 0x00, 0x00, 0x23, 0x32, 0x5A, 0xFF, 0x00, 0x00, 
	0x23, 0x32, 0x5A, 0xFF, 0x00, 0x00, 0x58, 0x56, 0x78, 0xFF, 0x00, 0x00, 0x23, 0x32, 0x5A, 0xFF, 
	0x00, 0x00, 0x54, 0x4F, 0x73, 0xFF, 0x00, 0x00, 0x23, 0x32, 0x5A, 0xFF, 0x00, 0x00, 0x27, 0x39, 
	0x65, 0xFF, 0x00, 0x00, 0x27, 0x39, 0x65, 0xFF, 0x00, 0x00, 0x69, 0x52, 0x6A, 0xFF, 0x00, 0x00, 
	0x14, 0x1D, 0x33, 0xFF, 0x00, 0x00, 0x18, 0x21, 0x3A, 0xFF, 0x00, 0x00, 0x1E, 0x2D, 0x51, 0xFF, 
	0x00, 0x00, 0x23, 0x32, 0x5A, 0xFF, 0x00, 0x00, 0x33, 0x3B, 0x67, 0xFF, 0x00, 0x00, 0x35, 0x41, 
	0x6D, 0xFF, 0x00, 0x00, 0x54, 0x4E, 0x73, 0xFF, 0x00, 0x00, 0x33, 0x3B, 0x67, 0xFF, 0x00, 0x00, 
	0x24, 0x2B, 0x46, 0xFF, 0x02, 0x00, 0x91, 0x6D, 0x8D, 0xFF, 0x00, 0x00, 0x72, 0x5E, 0x81, 0xFF, 
	0x00, 0x00, 0x1B, 0x28, 0x45, 0xFF, 0x00, 0x00, 0x1E, 0x2C, 0x51, 0xFF, 0x00, 0x00, 0x20, 0x2E, 
	0x51, 0xFF, 0x00, 0x00, 0x1F, 0x30, 0x56, 0xFF, 0x00, 0x00, 0x1F, 0x30, 0x56, 0xFF, 0x00, 0x00, 
	0x23, 0x32, 0x5A, 0xFF, 0x00, 0x00, 0x25, 0x39, 0x65, 0xFF, 0x00, 0x00, 0x33, 0x3B, 0x67, 0xFF, 
	0x00, 0x00, 0x68, 0x57, 0x75, 0xFF, 0x00, 0x00, 0x87, 0x6F, 0x94, 0xFF, 0x00, 0x00, 0x92, 0x6E, 
	0x92, 0xFF, 0x00, 0x00, 0x23, 0x32, 0x5A, 0xFF, 0x00, 0x00, 0x58, 0x57, 0x7A, 0xFF, 0x00, 0x00, 
	0x72, 0x5E, 0x81, 0xFF, 0x00, 0x00, 0x7B, 0x63, 0x85, 0xFF, 0x00, 0x00, 0x58, 0x56, 0x78, 0xFF, 
	0x00, 0x00, 0x39, 0x45, 0x73, 0xFF, 0x00, 0x00, 0x45, 0x4B, 0x79, 0xFF, 0x00, 0x00, 0x23, 0x32, 
	0x5A, 0xFF, 0x00, 0x00, 0x27, 0x39, 0x65, 0xFF, 0x00, 0x00, 0x58, 0x56, 0x78, 0xFF, 0x00, 0x00, 
	0x7B, 0x63, 0x85, 0xFF, 0x00, 0x00, 0x58, 0x56, 0x78, 0xFF, 0x00, 0x00, 0x87, 0x6D, 0x94, 0xFF, 
	0x00, 0x00, 0x79, 0x63, 0x85, 0xFF, 0x00, 0x00, 0x39, 0x3A, 0x55, 0xFF, 0x00, 0x00, 0x26, 0x2B, 
	0x46, 0xFF, 0x07, 0x00, 0x18, 0x21, 0x3A, 0xFF, 0x00, 0x00, 0x1B, 0x28, 0x45, 0xFF, 0x00, 0x00, 
	0x20, 0x2E, 0x53, 0xFF, 0x00, 0x00, 0x1B, 0x2A, 0x47, 0xFF, 0x00, 0x00, 0x16, 0x1A, 0x27, 0xFF, 
	0x04, 0x00, 0x1B, 0x29, 0x47, 0xFF, 0x00, 0x00, 0x23, 0x32, 0x5A, 0xFF, 0x00, 0x00, 0x59, 0x57, 
	0x78, 0xFF, 0x00, 0x00, 0x87, 0x6D, 0x94, 0xFF, 0x00, 0x00, 0x33, 0x3B, 0x67, 0xFF, 0x00, 0x00, 
	0x23, 0x32, 0x5A, 0xFF, 0x00, 0x00, 0x59, 0x57, 0x78, 0xFF, 0x00, 0x00, 0x23, 0x30, 0x5A, 0xFF, 
	0x00, 0x00, 0x72, 0x5E, 0x81, 0xFF, 0x00, 0x00, 0x96, 0x7A, 0xA7, 0xFF, 0x00, 0x00, 0xAB, 0x82, 
	0xA8, 0xFF, 0x00, 0x00, 0xB9, 0x8B, 0xB4, 0xFF, 0x00, 0x00, 0xB2, 0x86, 0xAC, 0xFF, 0x14, 0x00, 
	0x1F, 0x2D, 0x51, 0xFF, 0x00, 0x00, 0x54, 0x4E, 0x73, 0xFF, 0x00, 0x00, 0x67, 0x4B, 0x72, 0xFF, 
	0x00, 0x00, 0x54, 0x4F, 0x73, 0xFF, 0x00, 0x00, 0x56, 0x4E, 0x73, 0xFF, 0x00, 0x00, 0x56, 0x4E, 
	0x73, 0xFF, 0x00, 0x00, 0x68, 0x56, 0x75, 0xFF, 0x00, 0x00, 0xB0, 0x86, 0xAC, 0xFF, 0x00, 0x00, 
	0xC0, 0x8F, 0xB9, 0xFF, 0x00, 0x00, 0x88, 0x68, 0x86, 0xFF, 0x16, 0x00, 0x18, 0x21, 0x3A, 0xFF, 
	0x00, 0x00, 0x54, 0x4E, 0x73, 0xFF, 0x00, 0x00, 0x1F, 0x30, 0x56, 0xFF, 0x00, 0x00, 0x23, 0x32, 
	0x58, 0xFF, 0x00, 0x00, 0x29, 0x31, 0x47, 0xFF, 0x00, 0x00, 0x3B, 0x35, 0x4B, 0xFF, 0x00, 0x00, 
	0x1F, 0x32, 0x56, 0xFF, 0x00, 0x00, 0x1F, 0x30, 0x56, 0xFF, 0x16, 0x00, 0x42, 0x43, 0x4B, 0xFF, 
	0x00, 0x00, 0x63, 0x4C, 0x64, 0xFF, 0x00, 0x00, 0x59, 0x4A, 0x64, 0xFF, 0x00, 0x00, 0x54, 0x4E, 
	0x73, 0xFF, 0x00, 0x00, 0x54, 0x4E, 0x73, 0xFF, 0x00, 0x00, 0x44, 0x44, 0x5B, 0xFF, 0x00, 0x00, 
	0x44, 0x44, 0x5B, 0xFF, 0x00, 0x00, 0x4B, 0x42, 0x5A, 0xFF, 0x00, 0x00, 0x39, 0x3B, 0x4B, 0xFF, 
	0x00, 0x00, 0x39, 0x3A, 0x55, 0xFF, 0x17, 0x00, 0x44, 0x44, 0x59, 0xFF, 0x00, 0x00, 0x44, 0x44, 
	0x5B, 0xFF, 0x00, 0x00, 0x27, 0x27, 0x36, 0xFF, 0x00, 0x00, 0x62, 0x49, 0x5E, 0xFF, 0x00, 0x00, 
	0x87, 0x6D, 0x94, 0xFF, 0x00, 0x00, 0x68, 0x57, 0x75, 0xFF, 0x00, 0x00, 0x4B, 0x42, 0x5A, 0xFF, 
	0x00, 0x00, 0x42, 0x43, 0x4B, 0xFF, 0x00, 0x00, 0x32, 0x33, 0x3C, 0xFF, 0x3C, 0x00, 0xC7, 0x00, 
	0x4D, 0x00, 0x27, 0x27, 0x36, 0xFF, 0x00, 0x00, 0x25, 0x24, 0x2B, 0xFF, 0x00, 0x00, 0x50, 0x3D, 
	0x4E, 0xFF, 0x00, 0x00, 0x35, 0x2B, 0x38, 0xFF, 0x18, 0x00, 0x0D, 0x14, 0x24, 0xFF, 0x00, 0x00, 
	0x46, 0x38, 0x4A, 0xFF, 0x00, 0x00, 0x63, 0x4C, 0x64, 0xFF, 0x00, 0x00, 0x70, 0x55, 0x6E, 0xFF, 
	0x00, 0x00, 0x63, 0x4C, 0x64, 0xFF, 0x00, 0x00, 0x60, 0x49, 0x5E, 0xFF, 0x00, 0x00, 0x52, 0x3D, 
	0x52, 0xFF, 0x00, 0x00, 0x88, 0x68, 0x86, 0xFF, 0x00, 0x00, 0xA1, 0x7A, 0x9D, 0xFF, 0x00, 0x00, 
	0x7C, 0x61, 0x7C, 0xFF, 0x00, 0x00, 0x46, 0x3E, 0x53, 0xFF, 0x00, 0x00, 0x81, 0x62, 0x7D, 0xFF, 
	0x00, 0x00, 0x63, 0x4C, 0x64, 0xFF, 0x03, 0x00, 0x4A, 0x4A, 0x4A, 0xFF, 0x0D, 0x00, 0x1C, 0x22, 
	0x28, 0xFF, 0x00, 0x00, 0x99, 0x74, 0x96, 0xFF, 0x00, 0x00, 0xE3, 0xAA, 0xDB, 0xFF, 0x00, 0x00, 
	0xEC, 0xB1, 0xE5, 0xFF, 0x00, 0x00, 0xEC, 0xB1, 0xE5, 0xFF, 0x00, 0x00, 0xF4, 0xB6, 0xEC, 0xFF, 
	0x00, 0x00, 0xF4, 0xB6, 0xEC, 0xFF, 0x00, 0x00, 0xF4, 0xB6, 0xED, 0xFF, 0x00, 0x00, 0xF4, 0xB6, 
	0xEC, 0xFF, 0x00, 0x00, 0xE7, 0xAE, 0xE1, 0xFF, 0x00, 0x00, 0xD4, 0xA0, 0xCD, 0xFF, 0x00, 0x00, 
	0xC9, 0x98, 0xC5, 0xFF, 0x00, 0x00, 0xBD, 0x90, 0xB9, 0xFF, 0x00, 0x00, 0x88, 0x68, 0x86, 0xFF, 
	0x00, 0x00, 0x69, 0x52, 0x6A, 0xFF, 0x00, 0x00, 0x33, 0x2D, 0x43, 0xFF, 0x00, 0x00, 0x18, 0x21, 
	0x3A, 0xFF, 0x00, 0x00, 0x88, 0x8C, 0x84, 0xFF, 0x00, 0x00, 0x88, 0x8C, 0x84, 0xFF, 0x0F, 0x00, 
	0xA1, 0x7A, 0x9D, 0xFF, 0x00, 0x00, 0xE7, 0xAE, 0xE1, 0xFF, 0x00, 0x00, 0xF4, 0xB6, 0xEC, 0xFF, 
	0x00, 0x00, 0xF4, 0xB6, 0xEC, 0xFF, 0x00, 0x00, 0xF4, 0xB6, 0xEC, 0xFF, 0x00, 0x00, 0xF4, 0xB6, 
	0xEC, 0xFF, 0x00, 0x00, 0xF4, 0xB6, 0xEC, 0xFF, 0x00, 0x00, 0xF4, 0xB6, 0xEC, 0xFF, 0x00, 0x00, 
	0xE3, 0xAA, 0xDB, 0xFF, 0x00, 0x00, 0xAB, 0x82, 0xA8, 0xFF, 0x00, 0x00, 0xAB, 0x82, 0xA8, 0xFF, 
	0x00, 0x00, 0xB2, 0x86, 0xAC, 0xFF, 0x00, 0x00, 0xB2, 0x86, 0xAC, 0xFF, 0x00, 0x00, 0x76, 0x5B, 
	0x76, 0xFF, 0x00, 0x00, 0x26, 0x2B, 0x46, 0xFF, 0x00, 0x00, 0x39, 0x3A, 0x55, 0xFF, 0x00, 0x00, 
	0x71, 0x74, 0x6D, 0xFF, 0x01, 0x00, 0x6D, 0x71, 0x6B, 0xFF, 0x0E, 0x00, 0xA1, 0x7A, 0x9D, 0xFF, 
	0x00, 0x00, 0xEE, 0xB1, 0xE5, 0xFF, 0x00, 0x00, 0xEC, 0xB1, 0xE5, 0xFF, 0x00, 0x00, 0xEC, 0xB1, 
	0xE5, 0xFF, 0x00, 0x00, 0xEC, 0xB1, 0xE5, 0xFF, 0x00, 0x00, 0xF4, 0xB6, 0xEC, 0xFF, 0x00, 0x00, 
	0xF8, 0xBA, 0xF0, 0xFF, 0x00, 0x00, 0xE7, 0xAE, 0xE1, 0xFF, 0x00, 0x00, 0x33, 0x3B, 0x67, 0xFF, 
	0x00, 0x00, 0x23, 0x32, 0x5A, 0xFF, 0x00, 0x00, 0x49, 0x48, 0x66, 0xFF, 0x00, 0x00, 0x8B, 0x72, 
	0x9A, 0xFF, 0x00, 0x00, 0xA1, 0x7A, 0x9D, 0xFF, 0x00, 0x00, 0xA1, 0x7B, 0x9D, 0xFF, 0x00, 0x00, 
	0x4B, 0x42, 0x5A, 0xFF, 0x00, 0x00, 0x9D, 0xA1, 0x97, 0xFF, 0x00, 0x00, 0xBD, 0xC1, 0xB4, 0xFF, 
	0x00, 0x00, 0xB4, 0xB7, 0xAB, 0xFF, 0x0F, 0x00, 0xD4, 0xA0, 0xCD, 0xFF, 0x00, 0x00, 0xF4, 0xB6, 
	0xEC, 0xFF, 0x00, 0x00, 0xF4, 0xB6, 0xEC, 0xFF, 0x00, 0x00, 0xEC, 0xB3, 0xE5, 0xFF, 0x00, 0x00, 
	0xD7, 0xA0, 0xCD, 0xFF, 0x00, 0x00, 0xC2, 0x92, 0xBC, 0xFF, 0x00, 0x00, 0xD2, 0x9D, 0xCB, 0xFF, 
	0x00, 0x00, 0xA1, 0x7A, 0x9D, 0xFF, 0x00, 0x00, 0x23, 0x32, 0x5A, 0xFF, 0x00, 0x00, 0x27, 0x39, 
	0x65, 0xFF, 0x00, 0x00, 0x72, 0x5E, 0x81, 0xFF, 0x00, 0x00, 0xC9, 0x98, 0xC5, 0xFF, 0x00, 0x00, 
	0x7C, 0x61, 0x7D, 0xFF, 0x01, 0x00, 0x18, 0x21, 0x3A, 0xFF, 0x00, 0x00, 0x44, 0x44, 0x5B, 0xFF, 
	0x00, 0x00, 0x75, 0x76, 0x88, 0xFF, 0x00, 0x00, 0x54, 0x4E, 0x73, 0xFF, 0x00, 0x00, 0x54, 0x4E, 
	0x73, 0xFF, 0x00, 0x00, 0x20, 0x2E, 0x53, 0xFF, 0x0C, 0x00, 0xC9, 0x98, 0xC4, 0xFF, 0x00, 0x00, 
	0xD4, 0xA0, 0xCD, 0xFF, 0x00, 0x00, 0x99, 0x74, 0x96, 0xFF, 0x00, 0x00, 0x49, 0x48, 0x64, 0xFF, 
	0x00, 0x00, 0x64, 0x5C, 0x88, 0xFF, 0x00, 0x00, 0x58, 0x56, 0x78, 0xFF, 0x00, 0x00, 0x33, 0x3B, 
	0x67, 0xFF, 0x00, 0x00, 0x58, 0x56, 0x78, 0xFF, 0x00, 0x00, 0x58, 0x56, 0x78, 0xFF, 0x00, 0x00, 
	0x23, 0x32, 0x5A, 0xFF, 0x00, 0x00, 0x54, 0x4E, 0x73, 0xFF, 0x00, 0x00, 0x27, 0x39, 0x65, 0xFF, 
	0x00, 0x00, 0x1F, 0x2D, 0x51, 0xFF, 0x00, 0x00, 0x33, 0x3B, 0x67, 0xFF, 0x00, 0x00, 0x64, 0x5C, 
	0x88, 0xFF, 0x00, 0x00, 0x64, 0x5C, 0x88, 0xFF, 0x00, 0x00, 0x55, 0x4E, 0x73, 0xFF, 0x00, 0x00, 
	0x4E, 0x3E, 0x68, 0xFF, 0x00, 0x00, 0x39, 0x3A, 0x55, 0xFF, 0x00, 0x00, 0x1E, 0x2D, 0x51, 0xFF, 
	0x00, 0x00, 0x26, 0x2B, 0x46, 0xFF, 0x0A, 0x00, 0x1B, 0x28, 0x45, 0xFF, 0x00, 0x00, 0x49, 0x48, 
	0x66, 0xFF, 0x00, 0x00, 0x27, 0x39, 0x65, 0xFF, 0x00, 0x00, 0x58, 0x56, 0x78, 0xFF, 0x00, 0x00, 
	0x49, 0x48, 0x66, 0xFF, 0x00, 0x00, 0x54, 0x4E, 0x73, 0xFF, 0x00, 0x00, 0x58, 0x56, 0x78, 0xFF, 
	0x00, 0x00, 0x87, 0x6D, 0x94, 0xFF, 0x00, 0x00, 0x54, 0x4E, 0x73, 0xFF, 0x00, 0x00, 0x23, 0x32, 
	0x5A, 0xFF, 0x00, 0x00, 0x54, 0x4E, 0x73, 0xFF, 0x00, 0x00, 0x23, 0x32, 0x5A, 0xFF, 0x00, 0x00, 
	0x58, 0x56, 0x78, 0xFF, 0x00, 0x00, 0x33, 0x3B, 0x67, 0xFF, 0x00, 0x00, 0x87, 0x6D, 0x94, 0xFF, 
	0x00, 0x00, 0xA7, 0x88, 0xB9, 0xFF, 0x00, 0x00, 0xC2, 0x92, 0xBC, 0xFF, 0x00, 0x00, 0xC2, 0x92, 
	0xBC, 0xFF, 0x00, 0x00, 0x88, 0x68, 0x86, 0xFF, 0x05, 0x00, 0x99, 0x74, 0x96, 0xFF, 0x00, 0x00, 
	0xAB, 0x82, 0xA8, 0xFF, 0x00, 0x00, 0x49, 0x42, 0x5A, 0xFF, 0x00, 0x00, 0x1B, 0x29, 0x47, 0xFF, 
	0x00, 0x00, 0x1B, 0x28, 0x47, 0xFF, 0x00, 0x00, 0x1B, 0x28, 0x47, 0xFF, 0x00, 0x00, 0x20, 0x2E, 
	0x53, 0xFF, 0x00, 0x00, 0x23, 0x32, 0x5A, 0xFF, 0x00, 0x00, 0x23, 0x32, 0x5A, 0xFF, 0x00, 0x00, 
	0x49, 0x48, 0x66, 0xFF, 0x00, 0x00, 0x87, 0x6D, 0x94, 0xFF, 0x00, 0x00, 0x99, 0x74, 0x96, 0xFF, 
	0x00, 0x00, 0x39, 0x3A, 0x55, 0xFF, 0x00, 0x00, 0x45, 0x4B, 0x79, 0xFF, 0x00, 0x00, 0x49, 0x48, 
	0x66, 0xFF, 0x00, 0x00, 0x4E, 0x3E, 0x68, 0xFF, 0x00, 0x00, 0x65, 0x4B, 0x72, 0xFF, 0x00, 0x00, 
	0x33, 0x3B, 0x67, 0xFF, 0x00, 0x00, 0x49, 0x48, 0x66, 0xFF, 0x00, 0x00, 0x54, 0x4E, 0x73, 0xFF, 
	0x00, 0x00, 0x27, 0x39, 0x65, 0xFF, 0x00, 0x00, 0x99, 0x74, 0x96, 0xFF, 0x00, 0x00, 0xBD, 0x90, 
	0xB9, 0xFF, 0x00, 0x00, 0xAB, 0x82, 0xA8, 0xFF, 0x09, 0x00, 0x92, 0x6E, 0x90, 0xFF, 0x00, 0x00, 
	0x23, 0x32, 0x5A, 0xFF, 0x00, 0x00, 0x1F, 0x30, 0x56, 0xFF, 0x00, 0x00, 0x1F, 0x30, 0x56, 0xFF, 
	0x00, 0x00, 0x1F, 0x30, 0x56, 0xFF, 0x00, 0x00, 0x1E, 0x2D, 0x53, 0xFF, 0x00, 0x00, 0x18, 0x21, 
	0x3A, 0xFF, 0x04, 0x00, 0x1B, 0x28, 0x47, 0xFF, 0x00, 0x00, 0x64, 0x5C, 0x88, 0xFF, 0x00, 0x00, 
	0x1F, 0x30, 0x56, 0xFF, 0x00, 0x00, 0x33, 0x3B, 0x67, 0xFF, 0x00, 0x00, 0x23, 0x32, 0x5A, 0xFF, 
	0x00, 0x00, 0x1F, 0x30, 0x56, 0xFF, 0x00, 0x00, 0x92, 0x6E, 0x90, 0xFF, 0x00, 0x00, 0x3A, 0x35, 
	0x4B, 0xFF, 0x00, 0x00, 0x26, 0x2B, 0x46, 0xFF, 0x00, 0x00, 0x1F, 0x30, 0x56, 0xFF, 0x00, 0x00, 
	0x1E, 0x2D, 0x51, 0xFF, 0x15, 0x00, 0x49, 0x48, 0x66, 0xFF, 0x00, 0x00, 0x33, 0x3B, 0x67, 0xFF, 
	0x00, 0x00, 0x39, 0x3A, 0x55, 0xFF, 0x00, 0x00, 0x33, 0x3B, 0x67, 0xFF, 0x00, 0x00, 0x1E, 0x2D, 
	0x50, 0xFF, 0x04, 0x00, 0x3B, 0x35, 0x4B, 0xFF, 0x00, 0x00, 0x39, 0x3A, 0x55, 0xFF, 0x15, 0x00, 
	0x54, 0x4E, 0x73, 0xFF, 0x00, 0x00, 0x1B, 0x28, 0x47, 0xFF, 0x00, 0x00, 0x49, 0x48, 0x66, 0xFF, 
	0x00, 0x00, 0x54, 0x4E, 0x73, 0xFF, 0x00, 0x00, 0x1E, 0x2D, 0x51, 0xFF, 0x04, 0x00, 0x3B, 0x32, 
	0x43, 0xFF, 0x16, 0x00, 0x4E, 0x3E, 0x68, 0xFF, 0x00, 0x00, 0x23, 0x32, 0x5A, 0xFF, 0x01, 0x00, 
	0x46, 0x38, 0x48, 0xFF, 0x00, 0x00, 0x57, 0x56, 0x67, 0xFF, 0x00, 0x00, 0x59, 0x4A, 0x64, 0xFF, 
	0x00, 0x00, 0x68, 0x57, 0x77, 0xFF, 0x00, 0x00, 0x59, 0x4A, 0x64, 0xFF, 0x00, 0x00, 0x42, 0x43, 
	0x44, 0xFF, 0x18, 0x00, 0x4B, 0x42, 0x5A, 0xFF, 0x00, 0x00, 0x32, 0x33, 0x3C, 0xFF, 0x00, 0x00, 
	0x32, 0x31, 0x3C, 0xFF, 0x00, 0x00, 0x32, 0x33, 0x3C, 0xFF, 0x3C, 0x00, 0xC9, 0x00, 0x6C, 0x00, 
	0x34, 0x33, 0x4A, 0xFF, 0x00, 0x00, 0x46, 0x38, 0x48, 0xFF, 0x00, 0x00, 0x81, 0x62, 0x7D, 0xFF, 
	0x00, 0x00, 0x99, 0x76, 0x96, 0xFF, 0x00, 0x00, 0x98, 0x74, 0x96, 0xFF, 0x00, 0x00, 0x92, 0x6E, 
	0x90, 0xFF, 0x00, 0x00, 0x59, 0x4A, 0x64, 0xFF, 0x00, 0x00, 0x59, 0x4A, 0x64, 0xFF, 0x00, 0x00, 
	0x81, 0x62, 0x7D, 0xFF, 0x00, 0x00, 0x68, 0x57, 0x75, 0xFF, 0x00, 0x00, 0x4C, 0x41, 0x53, 0xFF, 
	0x00, 0x00, 0x3B, 0x35, 0x4B, 0xFF, 0x00, 0x00, 0x88, 0x8D, 0x84, 0xFF, 0x00, 0x00, 0x81, 0x84, 
	0x7C, 0xFF, 0x0F, 0x00, 0x46, 0x38, 0x48, 0xFF, 0x00, 0x00, 0x88, 0x68, 0x86, 0xFF, 0x00, 0x00, 
	0xA6, 0x7D, 0xA0, 0xFF, 0x00, 0x00, 0xAA, 0x82, 0xA8, 0xFF, 0x00, 0x00, 0xB9, 0x8B, 0xB4, 0xFF, 
	0x00, 0x00, 0xC2, 0x92, 0xBC, 0xFF, 0x00, 0x00, 0xC9, 0x98, 0xC5, 0xFF, 0x00, 0x00, 0xC9, 0x98, 
	0xC5, 0xFF, 0x00, 0x00, 0xC9, 0x98, 0xC5, 0xFF, 0x00, 0x00, 0xC9, 0x98, 0xC5, 0xFF, 0x00, 0x00, 
	0xB9, 0x8B, 0xB4, 0xFF, 0x00, 0x00, 0x99, 0x74, 0x96, 0xFF, 0x00, 0x00, 0x81, 0x62, 0x7D, 0xFF, 
	0x00, 0x00, 0x4B, 0x42, 0x5A, 0xFF, 0x00, 0x00, 0x20, 0x2E, 0x53, 0xFF, 0x00, 0x00, 0x8E, 0x91, 
	0x88, 0xFF, 0x00, 0x00, 0x81, 0x84, 0x7C, 0xFF, 0x0D, 0x00, 0x27, 0x27, 0x36, 0xFF, 0x00, 0x00, 
	0x81, 0x62, 0x7D, 0xFF, 0x00, 0x00, 0xD2, 0x9D, 0xCB, 0xFF, 0x00, 0x00, 0xEC, 0xB1, 0xE4, 0xFF, 
	0x00, 0x00, 0xEC, 0xB1, 0xE5, 0xFF, 0x00, 0x00, 0xEC, 0xB1, 0xE5, 0xFF, 0x00, 0x00, 0xF4, 0xB6, 
	0xEC, 0xFF, 0x00, 0x00, 0xEC, 0xB1, 0xE5, 0xFF, 0x00, 0x00, 0xF4, 0xB6, 0xEC, 0xFF, 0x00, 0x00, 
	0xF8, 0xBA, 0xF0, 0xFF, 0x00, 0x00, 0xC9, 0x98, 0xC5, 0xFF, 0x00, 0x00, 0x72, 0x5C, 0x81, 0xFF, 
	0x00, 0x00, 0x23, 0x32, 0x5A, 0xFF, 0x00, 0x00, 0x4E, 0x3E, 0x68, 0xFF, 0x00, 0x00, 0x79, 0x63, 
	0x85, 0xFF, 0x00, 0x00, 0xAB, 0x82, 0xA8, 0xFF, 0x00, 0x00, 0x79, 0x63, 0x87, 0xFF, 0x00, 0x00, 
	0x88, 0x8C, 0x84, 0xFF, 0x00, 0x00, 0xBA, 0xBD, 0xB0, 0xFF, 0x00, 0x00, 0xA9, 0xAC, 0xA3, 0xFF, 
	0x00, 0x00, 0x9D, 0xA1, 0x97, 0xFF, 0x0E, 0x00, 0xBD, 0x90, 0xB9, 0xFF, 0x00, 0x00, 0xF4, 0xB6, 
	0xEC, 0xFF, 0x00, 0x00, 0xF4, 0xB4, 0xEC, 0xFF, 0x00, 0x00, 0xF4, 0xB6, 0xEC, 0xFF, 0x00, 0x00, 
	0xEC, 0xB1, 0xE5, 0xFF, 0x00, 0x00, 0xEC, 0xB1, 0xE5, 0xFF, 0x00, 0x00, 0xF4, 0xB6, 0xEC, 0xFF, 
	0x00, 0x00, 0xD4, 0xA0, 0xCD, 0xFF, 0x00, 0x00, 0x33, 0x3B, 0x67, 0xFF, 0x00, 0x00, 0x87, 0x6D, 
	0x94, 0xFF, 0x00, 0x00, 0xD4, 0xA0, 0xCD, 0xFF, 0x00, 0x00, 0xDA, 0xA4, 0xD5, 0xFF, 0x00, 0x00, 
	0xC2, 0x92, 0xBC, 0xFF, 0x02, 0x00, 0x66, 0x68, 0x67, 0xFF, 0x00, 0x00, 0xA9, 0xAC, 0xA3, 0xFF, 
	0x00, 0x00, 0xAE, 0xB1, 0xA4, 0xFF, 0x00, 0x00, 0x39, 0x3A, 0x55, 0xFF, 0x00, 0x00, 0x39, 0x3A, 
	0x55, 0xFF, 0x0D, 0x00, 0xE3, 0xAA, 0xDB, 0xFF, 0x00, 0x00, 0xEC, 0xB1, 0xE5, 0xFF, 0x00, 0x00, 
	0xEC, 0xB1, 0xE5, 0xFF, 0x00, 0x00, 0xEC, 0xB1, 0xE5, 0xFF, 0x00, 0x00, 0xE3, 0xAB, 0xDB, 0xFF, 
	0x00, 0x00, 0xE3, 0xAA, 0xDB, 0xFF, 0x00, 0x00, 0xE5, 0xB0, 0xDE, 0xFF, 0x00, 0x00, 0x99, 0x74, 
	0x96, 0xFF, 0x00, 0x00, 0x27, 0x39, 0x65, 0xFF, 0x00, 0x00, 0x23, 0x32, 0x5A, 0xFF, 0x00, 0x00, 
	0x96, 0x7A, 0xA7, 0xFF, 0x00, 0x00, 0x99, 0x74, 0x96, 0xFF, 0x00, 0x00, 0x1E, 0x2D, 0x51, 0xFF, 
	0x00, 0x00, 0x1E, 0x30, 0x56, 0xFF, 0x00, 0x00, 0x27, 0x39, 0x65, 0xFF, 0x00, 0x00, 0x58, 0x57, 
	0x78, 0xFF, 0x00, 0x00, 0x35, 0x41, 0x6D, 0xFF, 0x00, 0x00, 0x54, 0x4E, 0x73, 0xFF, 0x00, 0x00, 
	0x54, 0x4E, 0x73, 0xFF, 0x00, 0x00, 0x23, 0x32, 0x5A, 0xFF, 0x00, 0x00, 0x34, 0x33, 0x4A, 0xFF, 
	0x0B, 0x00, 0xB2, 0x86, 0xAC, 0xFF, 0x00, 0x00, 0xB2, 0x86, 0xAC, 0xFF, 0x00, 0x00, 0x79, 0x63, 
	0x85, 0xFF, 0x00, 0x00, 0x44, 0x44, 0x5B, 0xFF, 0x00, 0x00, 0x64, 0x5C, 0x88, 0xFF, 0x00, 0x00, 
	0x64, 0x5C, 0x88, 0xFF, 0x00, 0x00, 0x27, 0x39, 0x65, 0xFF, 0x00, 0x00, 0x54, 0x4E, 0x73, 0xFF, 
	0x00, 0x00, 0x27, 0x39, 0x65, 0xFF, 0x00, 0x00, 0x54, 0x4E, 0x73, 0xFF, 0x00, 0x00, 0x27, 0x39, 
	0x65, 0xFF, 0x00, 0x00, 0x1F, 0x30, 0x56, 0xFF, 0x00, 0x00, 0x58, 0x56, 0x78, 0xFF, 0x00, 0x00, 
	0x64, 0x5C, 0x88, 0xFF, 0x00, 0x00, 0x8B, 0x72, 0x9A, 0xFF, 0x00, 0x00, 0x9A, 0x80, 0xAE, 0xFF, 
	0x00, 0x00, 0x87, 0x6D, 0x94, 0xFF, 0x00, 0x00, 0x38, 0x3A, 0x55, 0xFF, 0x00, 0x00, 0x34, 0x33, 
	0x4A, 0xFF, 0x00, 0x00, 0x1B, 0x28, 0x47, 0xFF, 0x09, 0x00, 0x1A, 0x28, 0x47, 0xFF, 0x00, 0x00, 
	0x20, 0x2E, 0x53, 0xFF, 0x00, 0x00, 0x23, 0x32, 0x5A, 0xFF, 0x00, 0x00, 0x27, 0x39, 0x65, 0xFF, 
	0x00, 0x00, 0x54, 0x4E, 0x73, 0xFF, 0x00, 0x00, 0x44, 0x44, 0x5B, 0xFF, 0x00, 0x00, 0x54, 0x4E, 
	0x73, 0xFF, 0x00, 0x00, 0x54, 0x4E, 0x73, 0xFF, 0x00, 0x00, 0x39, 0x44, 0x73, 0xFF, 0x00, 0x00, 
	0x33, 0x3B, 0x67, 0xFF, 0x00, 0x00, 0x3A, 0x45, 0x73, 0xFF, 0x00, 0x00, 0x58, 0x56, 0x78, 0xFF, 
	0x00, 0x00, 0x23, 0x32, 0x5A, 0xFF, 0x00, 0x00, 0x64, 0x5C, 0x88, 0xFF, 0x00, 0x00, 0x1F, 0x30, 
	0x56, 0xFF, 0x00, 0x00, 0xAB, 0x82, 0xA8, 0xFF, 0x00, 0x00, 0xC2, 0x92, 0xBD, 0xFF, 0x00, 0x00, 
	0xC9, 0x98, 0xC5, 0xFF, 0x00, 0x00, 0xBD, 0x90, 0xB8, 0xFF, 0x07, 0x00, 0x70, 0x55, 0x6E, 0xFF, 
	0x00, 0x00, 0x92, 0x6E, 0x90, 0xFF, 0x00, 0x00, 0x1E, 0x2D, 0x51, 0xFF, 0x00, 0x00, 0x20, 0x2E, 
	0x53, 0xFF, 0x00, 0x00, 0x23, 0x33, 0x5A, 0xFF, 0x00, 0x00, 0x23, 0x32, 0x5A, 0xFF, 0x00, 0x00, 
	0x21, 0x32, 0x58, 0xFF, 0x00, 0x00, 0x23, 0x32, 0x5A, 0xFF, 0x00, 0x00, 0x20, 0x2E, 0x52, 0xFF, 
	0x00, 0x00, 0x72, 0x5E, 0x81, 0xFF, 0x00, 0x00, 0xA6, 0x7D, 0xA2, 0xFF, 0x00, 0x00, 0x54, 0x4E, 
	0x72, 0xFF, 0x00, 0x00, 0x39, 0x45, 0x73, 0xFF, 0x00, 0x00, 0x58, 0x56, 0x78, 0xFF, 0x00, 0x00, 
	0x99, 0x74, 0x96, 0xFF, 0x00, 0x00, 0xA6, 0x7D, 0xA2, 0xFF, 0x00, 0x00, 0x96, 0x7A, 0xA7, 0xFF, 
	0x00, 0x00, 0x54, 0x4E, 0x73, 0xFF, 0x00, 0x00, 0x27, 0x39, 0x65, 0xFF, 0x00, 0x00, 0x58, 0x56, 
	0x78, 0xFF, 0x00, 0x00, 0xA1, 0x7A, 0x9D, 0xFF, 0x00, 0x00, 0xA6, 0x7D, 0xA2, 0xFF, 0x00, 0x00, 
	0x68, 0x57, 0x75, 0xFF, 0x09, 0x00, 0x91, 0x6D, 0x8D, 0xFF, 0x00, 0x00, 0x99, 0x74, 0x96, 0xFF, 
	0x00, 0x00, 0x39, 0x3A, 0x55, 0xFF, 0x00, 0x00, 0x1B, 0x28, 0x47, 0xFF, 0x00, 0x00, 0x15, 0x1D, 
	0x33, 0xFF, 0x05, 0x00, 0x2B, 0x31, 0x47, 0xFF, 0x00, 0x00, 0x33, 0x3B, 0x67, 0xFF, 0x00, 0x00, 
	0x54, 0x4E, 0x73, 0xFF, 0x00, 0x00, 0x27, 0x39, 0x65, 0xFF, 0x00, 0x00, 0x26, 0x2B, 0x46, 0xFF, 
	0x00, 0x00, 0x55, 0x56, 0x57, 0xFF, 0x00, 0x00, 0x57, 0x45, 0x59, 0xFF, 0x00, 0x00, 0x39, 0x3A, 
	0x55, 0xFF, 0x00, 0x00, 0x68, 0x57, 0x75, 0xFF, 0x00, 0x00, 0x68, 0x57, 0x75, 0xFF, 0x00, 0x00, 
	0x23, 0x32, 0x5A, 0xFF, 0x00, 0x00, 0x23, 0x32, 0x5A, 0xFF, 0x00, 0x00, 0x23, 0x32, 0x5A, 0xFF, 
	0x12, 0x00, 0x4B, 0x42, 0x5A, 0xFF, 0x00, 0x00, 0x49, 0x48, 0x66, 0xFF, 0x00, 0x00, 0x49, 0x48, 
	0x66, 0xFF, 0x00, 0x00, 0x20, 0x2E, 0x53, 0xFF, 0x00, 0x00, 0x20, 0x2E, 0x53, 0xFF, 0x01, 0x00, 
	0x33, 0x33, 0x43, 0xFF, 0x00, 0x00, 0x59, 0x4A, 0x64, 0xFF, 0x00, 0x00, 0x33, 0x3B, 0x67, 0xFF, 
	0x00, 0x00, 0x1A, 0x28, 0x47, 0xFF, 0x02, 0x00, 0x36, 0x39, 0x4A, 0xFF, 0x00, 0x00, 0x3B, 0x3A, 
	0x55, 0xFF, 0x12, 0x00, 0x33, 0x3B, 0x67, 0xFF, 0x00, 0x00, 0x27, 0x39, 0x65, 0xFF, 0x01, 0x00, 
	0x79, 0x63, 0x85, 0xFF, 0x00, 0x00, 0x1E, 0x2D, 0x51, 0xFF, 0x03, 0x00, 0x26, 0x2B, 0x46, 0xFF, 
	0x02, 0x00, 0x44, 0x46, 0x5B, 0xFF, 0x00, 0x00, 0x39, 0x3B, 0x4B, 0xFF, 0x13, 0x00, 0x57, 0x56, 
	0x67, 0xFF, 0x00, 0x00, 0x1F, 0x30, 0x56, 0xFF, 0x00, 0x00, 0x3B, 0x3B, 0x44, 0xFF, 0x00, 0x00, 
	0x7C, 0x61, 0x7C, 0xFF, 0x00, 0x00, 0x68, 0x57, 0x75, 0xFF, 0x1B, 0x00, 0x4B, 0x4B, 0x5B, 0xFF, 
	0x00, 0x00, 0x44, 0x44, 0x5B, 0xFF, 0x00, 0x00, 0x57, 0x45, 0x59, 0xFF, 0x00, 0x00, 0x55, 0x56, 
	0x57, 0xFF, 0x00, 0x00, 0x57, 0x56, 0x67, 0xFF, 0x00, 0x00, 0x68, 0x57, 0x75, 0xFF, 0x00, 0x00, 
	0x63, 0x4C, 0x64, 0xFF, 0x3C, 0x00, 0xDF, 0x00, 0x4D, 0x00, 0x2C, 0x31, 0x38, 0xFF, 0x00, 0x00, 
	0x27, 0x27, 0x36, 0xFF, 0x00, 0x00, 0x4B, 0x42, 0x5A, 0xFF, 0x00, 0x00, 0x63, 0x4C, 0x64, 0xFF, 
	0x00, 0x00, 0x33, 0x2D, 0x43, 0xFF, 0x00, 0x00, 0x32, 0x2D, 0x43, 0xFF, 0x00, 0x00, 0x63, 0x4C, 
	0x64, 0xFF, 0x00, 0x00, 0x88, 0x68, 0x86, 0xFF, 0x01, 0x00, 0x24, 0x1D, 0x36, 0xFF, 0x02, 0x00, 
	0x6D, 0x71, 0x6B, 0xFF, 0x0F, 0x00, 0x14, 0x15, 0x1B, 0xFF, 0x00, 0x00, 0x39, 0x30, 0x43, 0xFF, 
	0x00, 0x00, 0x60, 0x49, 0x5E, 0xFF, 0x00, 0x00, 0x70, 0x54, 0x6E, 0xFF, 0x00, 0x00, 0x70, 0x55, 
	0x6E, 0xFF, 0x00, 0x00, 0x70, 0x55, 0x6E, 0xFF, 0x00, 0x00, 0x81, 0x62, 0x7D, 0xFF, 0x00, 0x00, 
	0xA6, 0x7D, 0xA2, 0xFF, 0x00, 0x00, 0xA1, 0x7A, 0x9D, 0xFF, 0x00, 0x00, 0xA6, 0x7D, 0xA2, 0xFF, 
	0x00, 0x00, 0x92, 0x6E, 0x90, 0xFF, 0x00, 0x00, 0x99, 0x74, 0x96, 0xFF, 0x00, 0x00, 0x88, 0x68, 
	0x84, 0xFF, 0x00, 0x00, 0x57, 0x45, 0x59, 0xFF, 0x00, 0x00, 0x33, 0x2D, 0x43, 0xFF, 0x00, 0x00, 
	0xA9, 0xAC, 0xA3, 0xFF, 0x0E, 0x00, 0x33, 0x33, 0x43, 0xFF, 0x00, 0x00, 0x60, 0x49, 0x5E, 0xFF, 
	0x00, 0x00, 0xC9, 0x98, 0xC5, 0xFF, 0x00, 0x00, 0xF4, 0xB7, 0xEC, 0xFF, 0x00, 0x00, 0xF4, 0xB6, 
	0xEC, 0xFF, 0x00, 0x00, 0xF4, 0xB6, 0xEC, 0xFF, 0x00, 0x00, 0xF4, 0xB6, 0xEC, 0xFF, 0x00, 0x00, 
	0xF4, 0xB6, 0xEC, 0xFF, 0x00, 0x00, 0xF4, 0xB6, 0xEC, 0xFF, 0x00, 0x00, 0xF4, 0xB4, 0xEC, 0xFF, 
	0x00, 0x00, 0xEC, 0xB1, 0xE5, 0xFF, 0x00, 0x00, 0xE3, 0xAA, 0xDB, 0xFF, 0x00, 0x00, 0xDA, 0xA4, 
	0xD5, 0xFF, 0x00, 0x00, 0xC9, 0x98, 0xC5, 0xFF, 0x00, 0x00, 0xA6, 0x7D, 0xA2, 0xFF, 0x00, 0x00, 
	0x76, 0x5B, 0x76, 0xFF, 0x00, 0x00, 0x23, 0x32, 0x5A, 0xFF, 0x00, 0x00, 0x6A, 0x73, 0x74, 0xFF, 
	0x00, 0x00, 0x6D, 0x71, 0x6B, 0xFF, 0x00, 0x00, 0x66, 0x68, 0x67, 0xFF, 0x00, 0x00, 0x88, 0x8C, 
	0x84, 0xFF, 0x0E, 0x00, 0xD2, 0x9D, 0xCB, 0xFF, 0x00, 0x00, 0xEC, 0xB1, 0xE5, 0xFF, 0x00, 0x00, 
	0xEC, 0xB1, 0xE5, 0xFF, 0x00, 0x00, 0xEC, 0xB1, 0xE5, 0xFF, 0x00, 0x00, 0xEC, 0xB1, 0xE5, 0xFF, 
	0x00, 0x00, 0xF4, 0xB6, 0xEC, 0xFF, 0x00, 0x00, 0xF8, 0xBA, 0xF0, 0xFF, 0x00, 0x00, 0xE3, 0xAA, 
	0xDB, 0xFF, 0x00, 0x00, 0xB2, 0x86, 0xAC, 0xFF, 0x00, 0x00, 0x79, 0x63, 0x85, 0xFF, 0x00, 0x00, 
	0x33, 0x3B, 0x67, 0xFF, 0x00, 0x00, 0x33, 0x3B, 0x67, 0xFF, 0x00, 0x00, 0x87, 0x6D, 0x94, 0xFF, 
	0x00, 0x00, 0x87, 0x6D, 0x94, 0xFF, 0x00, 0x00, 0x4A, 0x4B, 0x53, 0xFF, 0x00, 0x00, 0xA3, 0xA6, 
	0x9B, 0xFF, 0x00, 0x00, 0xCA, 0xCC, 0xC1, 0xFF, 0x00, 0x00, 0xA3, 0xA6, 0x9B, 0xFF, 0x0E, 0x00, 
	0x76, 0x5B, 0x76, 0xFF, 0x00, 0x00, 0xEC, 0xB1, 0xE7, 0xFF, 0x00, 0x00, 0xEC, 0xB1, 0xE5, 0xFF, 
	0x00, 0x00, 0xE7, 0xAE, 0xE1, 0xFF, 0x00, 0x00, 0xF4, 0xB6, 0xEC, 0xFF, 0x00, 0x00, 0xF4, 0xB6, 
	0xEC, 0xFF, 0x00, 0x00, 0xF8, 0xBA, 0xF0, 0xFF, 0x00, 0x00, 0x99, 0x74, 0x96, 0xFF, 0x00, 0x00, 
	0x23, 0x32, 0x58, 0xFF, 0x00, 0x00, 0x39, 0x3A, 0x55, 0xFF, 0x00, 0x00, 0xB9, 0x8B, 0xB4, 0xFF, 
	0x00, 0x00, 0xE3, 0xAA, 0xDB, 0xFF, 0x00, 0x00, 0xD4, 0xA0, 0xCD, 0xFF, 0x00, 0x00, 0x91, 0x6D, 
	0x8D, 0xFF, 0x01, 0x00, 0x1E, 0x2D, 0x51, 0xFF, 0x00, 0x00, 0x46, 0x4A, 0x5B, 0xFF, 0x00, 0x00, 
	0x75, 0x76, 0x88, 0xFF, 0x00, 0x00, 0x58, 0x56, 0x78, 0xFF, 0x00, 0x00, 0x44, 0x44, 0x5B, 0xFF, 
	0x00, 0x00, 0x1E, 0x2D, 0x51, 0xFF, 0x0C, 0x00, 0xD2, 0x9D, 0xCB, 0xFF, 0x00, 0x00, 0xEC, 0xB1, 
	0xE5, 0xFF, 0x00, 0x00, 0xEC, 0xB3, 0xE5, 0xFF, 0x00, 0x00, 0xEC, 0xB1, 0xE5, 0xFF, 0x00, 0x00, 
	0xF4, 0xB6, 0xEC, 0xFF, 0x00, 0x00, 0xF8, 0xBA, 0xF0, 0xFF, 0x00, 0x00, 0xF4, 0xB6, 0xEC, 0xFF, 
	0x00, 0x00, 0x87, 0x6D, 0x94, 0xFF, 0x00, 0x00, 0x27, 0x39, 0x65, 0xFF, 0x00, 0x00, 0x27, 0x39, 
	0x64, 0xFF, 0x00, 0x00, 0x79, 0x63, 0x85, 0xFF, 0x00, 0x00, 0xB9, 0x8B, 0xB4, 0xFF, 0x00, 0x00, 
	0x23, 0x32, 0x5A, 0xFF, 0x00, 0x00, 0x23, 0x32, 0x5A, 0xFF, 0x00, 0x00, 0x58, 0x56, 0x78, 0xFF, 
	0x00, 0x00, 0x68, 0x62, 0x89, 0xFF, 0x00, 0x00, 0x33, 0x3B, 0x67, 0xFF, 0x00, 0x00, 0x23, 0x32, 
	0x5A, 0xFF, 0x00, 0x00, 0x4E, 0x3E, 0x68, 0xFF, 0x00, 0x00, 0x20, 0x2F, 0x53, 0xFF, 0x0B, 0x00, 
	0x49, 0x48, 0x67, 0xFF, 0x00, 0x00, 0x87, 0x6D, 0x94, 0xFF, 0x00, 0x00, 0x87, 0x6F, 0x94, 0xFF, 
	0x00, 0x00, 0x68, 0x57, 0x75, 0xFF, 0x00, 0x00, 0x54, 0x4E, 0x72, 0xFF, 0x00, 0x00, 0x54, 0x4E, 
	0x71, 0xFF, 0x00, 0x00, 0x54, 0x4E, 0x73, 0xFF, 0x00, 0x00, 0x4E, 0x3E, 0x68, 0xFF, 0x00, 0x00, 
	0x33, 0x3B, 0x67, 0xFF, 0x00, 0x00, 0x25, 0x39, 0x65, 0xFF, 0x00, 0x00, 0x35, 0x41, 0x6D, 0xFF, 
	0x00, 0x00, 0x27, 0x39, 0x65, 0xFF, 0x00, 0x00, 0x1F, 0x30, 0x56, 0xFF, 0x00, 0x00, 0x54, 0x4E, 
	0x73, 0xFF, 0x00, 0x00, 0x64, 0x5C, 0x88, 0xFF, 0x00, 0x00, 0x87, 0x6D, 0x94, 0xFF, 0x00, 0x00, 
	0xBB, 0x8B, 0xB4, 0xFF, 0x00, 0x00, 0xB2, 0x86, 0xAC, 0xFF, 0x00, 0x00, 0x4C, 0x41, 0x53, 0xFF, 
	0x00, 0x00, 0x27, 0x27, 0x36, 0xFF, 0x07, 0x00, 0x1C, 0x22, 0x28, 0xFF, 0x00, 0x00, 0x1B, 0x28, 
	0x47, 0xFF, 0x00, 0x00, 0x20, 0x2E, 0x53, 0xFF, 0x00, 0x00, 0x23, 0x32, 0x5B, 0xFF, 0x00, 0x00, 
	0x27, 0x39, 0x65, 0xFF, 0x00, 0x00, 0x27, 0x39, 0x65, 0xFF, 0x00, 0x00, 0x49, 0x48, 0x66, 0xFF, 
	0x00, 0x00, 0x23, 0x32, 0x5A, 0xFF, 0x00, 0x00, 0x58, 0x56, 0x78, 0xFF, 0x00, 0x00, 0x54, 0x4E, 
	0x73, 0xFF, 0x00, 0x00, 0x45, 0x4B, 0x79, 0xFF, 0x00, 0x00, 0x68, 0x63, 0x89, 0xFF, 0x00, 0x00, 
	0x33, 0x3B, 0x67, 0xFF, 0x00, 0x00, 0x54, 0x4E, 0x73, 0xFF, 0x00, 0x00, 0x58, 0x56, 0x78, 0xFF, 
	0x00, 0x00, 0x49, 0x48, 0x66, 0xFF, 0x00, 0x00, 0x58, 0x56, 0x78, 0xFF, 0x00, 0x00, 0x25, 0x39, 
	0x65, 0xFF, 0x00, 0x00, 0xB9, 0x89, 0xB4, 0xFF, 0x00, 0x00, 0xC2, 0x92, 0xBC, 0xFF, 0x00, 0x00, 
	0xB9, 0x8B, 0xB4, 0xFF, 0x06, 0x00, 0x81, 0x62, 0x7D, 0xFF, 0x00, 0x00, 0xB2, 0x86, 0xAC, 0xFF, 
	0x00, 0x00, 0x68, 0x57, 0x75, 0xFF, 0x00, 0x00, 0x1F, 0x30, 0x54, 0xFF, 0x00, 0x00, 0x23, 0x32, 
	0x5A, 0xFF, 0x00, 0x00, 0x23, 0x32, 0x5A, 0xFF, 0x00, 0x00, 0x23, 0x32, 0x5B, 0xFF, 0x00, 0x00, 
	0x1F, 0x30, 0x56, 0xFF, 0x00, 0x00, 0x20, 0x2F, 0x53, 0xFF, 0x00, 0x00, 0x1E, 0x2D, 0x51, 0xFF, 
	0x00, 0x00, 0x49, 0x48, 0x67, 0xFF, 0x00, 0x00, 0x72, 0x5E, 0x81, 0xFF, 0x00, 0x00, 0x58, 0x56, 
	0x78, 0xFF, 0x00, 0x00, 0x33, 0x3B, 0x67, 0xFF, 0x00, 0x00, 0x79, 0x62, 0x85, 0xFF, 0x00, 0x00, 
	0xB8, 0x8B, 0xB4, 0xFF, 0x00, 0x00, 0xC9, 0x98, 0xC5, 0xFF, 0x00, 0x00, 0xA1, 0x7A, 0x9C, 0xFF, 
	0x00, 0x00, 0x96, 0x7A, 0xA7, 0xFF, 0x00, 0x00, 0x72, 0x5E, 0x81, 0xFF, 0x00, 0x00, 0x58, 0x56, 
	0x78, 0xFF, 0x00, 0x00, 0x49, 0x48, 0x66, 0xFF, 0x00, 0x00, 0x59, 0x4A, 0x64, 0xFF, 0x00, 0x00, 
	0x72, 0x5E, 0x83, 0xFF, 0x0A, 0x00, 0x4C, 0x41, 0x53, 0xFF, 0x00, 0x00, 0x27, 0x27, 0x36, 0xFF, 
	0x05, 0x00, 0x49, 0x48, 0x66, 0xFF, 0x00, 0x00, 0x54, 0x4E, 0x73, 0xFF, 0x00, 0x00, 0x35, 0x41, 
	0x6D, 0xFF, 0x00, 0x00, 0x24, 0x2B, 0x47, 0xFF, 0x00, 0x00, 0x1F, 0x30, 0x56, 0xFF, 0x00, 0x00, 
	0x23, 0x32, 0x5A, 0xFF, 0x04, 0x00, 0x46, 0x3C, 0x53, 0xFF, 0x00, 0x00, 0x23, 0x32, 0x5A, 0xFF, 
	0x00, 0x00, 0x33, 0x39, 0x67, 0xFF, 0x00, 0x00, 0x23, 0x32, 0x5A, 0xFF, 0x00, 0x00, 0x23, 0x32, 
	0x5A, 0xFF, 0x00, 0x00, 0x20, 0x2E, 0x53, 0xFF, 0x0E, 0x00, 0x18, 0x21, 0x3A, 0xFF, 0x00, 0x00, 
	0x33, 0x3B, 0x67, 0xFF, 0x00, 0x00, 0x23, 0x32, 0x5A, 0xFF, 0x00, 0x00, 0x26, 0x2B, 0x46, 0xFF, 
	0x00, 0x00, 0x2C, 0x31, 0x38, 0xFF, 0x00, 0x00, 0x1E, 0x2D, 0x51, 0xFF, 0x00, 0x00, 0x23, 0x32, 
	0x5A, 0xFF, 0x00, 0x00, 0x1B, 0x28, 0x47, 0xFF, 0x06, 0x00, 0x18, 0x21, 0x3A, 0xFF, 0x00, 0x00, 
	0x1F, 0x30, 0x56, 0xFF, 0x00, 0x00, 0x1B, 0x28, 0x47, 0xFF, 0x00, 0x00, 0x20, 0x2E, 0x53, 0xFF, 
	0x00, 0x00, 0x20, 0x2E, 0x53, 0xFF, 0x00, 0x00, 0x20, 0x2E, 0x53, 0xFF, 0x0C, 0x00, 0x23, 0x32, 
	0x5A, 0xFF, 0x00, 0x00, 0x1B, 0x2A, 0x47, 0xFF, 0x02, 0x00, 0x59, 0x4A, 0x64, 0xFF, 0x00, 0x00, 
	0x49, 0x48, 0x66, 0xFF, 0x06, 0x00, 0x3B, 0x3B, 0x4B, 0xFF, 0x00, 0x00, 0x46, 0x3C, 0x53, 0xFF, 
	0x00, 0x00, 0x4E, 0x3C, 0x68, 0xFF, 0x00, 0x00, 0x1B, 0x28, 0x47, 0xFF, 0x02, 0x00, 0x2A, 0x31, 
	0x47, 0xFF, 0x00, 0x00, 0x58, 0x56, 0x78, 0xFF, 0x0B, 0x00, 0x3B, 0x3B, 0x4B, 0xFF, 0x00, 0x00, 
	0x27, 0x39, 0x65, 0xFF, 0x04, 0x00, 0x79, 0x63, 0x85, 0xFF, 0x00, 0x00, 0x20, 0x2E, 0x53, 0xFF, 
	0x0C, 0x00, 0x7C, 0x61, 0x7C, 0xFF, 0x00, 0x00, 0x4B, 0x4B, 0x5B, 0xFF, 0x0A, 0x00, 0x46, 0x3C, 
	0x53, 0xFF, 0x00, 0x00, 0x44, 0x44, 0x58, 0xFF, 0x00, 0x00, 0x3B, 0x3B, 0x4B, 0xFF, 0x00, 0x00, 
	0x42, 0x43, 0x44, 0xFF, 0x02, 0x00, 0x4B, 0x42, 0x4C, 0xFF, 0x00, 0x00, 0x59, 0x4A, 0x64, 0xFF, 
	0x00, 0x00, 0x49, 0x48, 0x66, 0xFF, 0x00, 0x00, 0x54, 0x56, 0x57, 0xFF, 0x0A, 0x00, 0x3B, 0x3B, 
	0x4B, 0xFF, 0x5A, 0x00, 0xD0, 0x00, 0x6C, 0x00, 0x33, 0x33, 0x43, 0xFF, 0x00, 0x00, 0x27, 0x27, 
	0x36, 0xFF, 0x00, 0x00, 0x2C, 0x31, 0x38, 0xFF, 0x00, 0x00, 0x27, 0x25, 0x36, 0xFF, 0x00, 0x00, 
	0x34, 0x39, 0x4A, 0xFF, 0x00, 0x00, 0x3B, 0x32, 0x43, 0xFF, 0x00, 0x00, 0x81, 0x62, 0x7D, 0xFF, 
	0x00, 0x00, 0x7C, 0x61, 0x7C, 0xFF, 0x00, 0x00, 0x2C, 0x31, 0x38, 0xFF, 0x04, 0x00, 0x7D, 0x81, 
	0x79, 0xFF, 0x00, 0x00, 0x3D, 0x42, 0x46, 0xFF, 0x0C, 0x00, 0x27, 0x27, 0x36, 0xFF, 0x00, 0x00, 
	0x3B, 0x32, 0x43, 0xFF, 0x00, 0x00, 0x70, 0x55, 0x6E, 0xFF, 0x00, 0x00, 0x81, 0x62, 0x7D, 0xFF, 
	0x00, 0x00, 0x7C, 0x61, 0x7C, 0xFF, 0x00, 0x00, 0x7C, 0x61, 0x7C, 0xFF, 0x00, 0x00, 0x99, 0x74, 
	0x96, 0xFF, 0x00, 0x00, 0xA1, 0x7A, 0x9D, 0xFF, 0x00, 0x00, 0xA6, 0x7D, 0xA3, 0xFF, 0x00, 0x00, 
	0xA1, 0x7A, 0x9D, 0xFF, 0x00, 0x00, 0x99, 0x74, 0x96, 0xFF, 0x00, 0x00, 0x81, 0x62, 0x7D, 0xFF, 
	0x00, 0x00, 0x91, 0x6D, 0x8D, 0xFF, 0x00, 0x00, 0x92, 0x6E, 0x90, 0xFF, 0x00, 0x00, 0x70, 0x55, 
	0x6E, 0xFF, 0x00, 0x00, 0x4B, 0x42, 0x5A, 0xFF, 0x00, 0x00, 0x26, 0x2B, 0x46, 0xFF, 0x00, 0x00, 
	0x9D, 0xA1, 0x97, 0xFF, 0x00, 0x00, 0x98, 0x9A, 0x94, 0xFF, 0x0F, 0x00, 0xAB, 0x82, 0xA8, 0xFF, 
	0x00, 0x00, 0xE7, 0xAE, 0xE1, 0xFF, 0x00, 0x00, 0xEC, 0xB1, 0xE5, 0xFF, 0x00, 0x00, 0xF4, 0xB6, 
	0xEC, 0xFF, 0x00, 0x00, 0xF4, 0xB6, 0xEC, 0xFF, 0x00, 0x00, 0xF4, 0xB6, 0xEC, 0xFF, 0x00, 0x00, 
	0xF8, 0xBA, 0xF0, 0xFF, 0x00, 0x00, 0xF4, 0xB6, 0xEC, 0xFF, 0x00, 0x00, 0xDA, 0xA4, 0xD5, 0xFF, 
	0x00, 0x00, 0xB2, 0x86, 0xAC, 0xFF, 0x00, 0x00, 0x92, 0x6E, 0x90, 0xFF, 0x00, 0x00, 0x68, 0x57, 
	0x75, 0xFF, 0x00, 0x00, 0x34, 0x33, 0x4A, 0xFF, 0x00, 0x00, 0x1E, 0x2D, 0x51, 0xFF, 0x00, 0x00, 
	0x23, 0x32, 0x5A, 0xFF, 0x00, 0x00, 0x7A, 0x7B, 0x79, 0xFF, 0x00, 0x00, 0xAB, 0xAC, 0xA3, 0xFF, 
	0x01, 0x00, 0x81, 0x84, 0x7C, 0xFF, 0x0E, 0x00, 0xD6, 0xA0, 0xCD, 0xFF, 0x00, 0x00, 0xF4, 0xB6, 
	0xEC, 0xFF, 0x00, 0x00, 0xEC, 0xB1, 0xE5, 0xFF, 0x00, 0x00, 0xEC, 0xB1, 0xE5, 0xFF, 0x00, 0x00, 
	0xF4, 0xB6, 0xEC, 0xFF, 0x00, 0x00, 0xF8, 0xBA, 0xF0, 0xFF, 0x00, 0x00, 0xA1, 0x7A, 0x9D, 0xFF, 
	0x00, 0x00, 0x27, 0x39, 0x65, 0xFF, 0x00, 0x00, 0x23, 0x32, 0x5A, 0xFF, 0x00, 0x00, 0x87, 0x6D, 
	0x94, 0xFF, 0x00, 0x00, 0xA6, 0x7D, 0xA2, 0xFF, 0x00, 0x00, 0xAB, 0x82, 0xA8, 0xFF, 0x00, 0x00, 
	0xA6, 0x7D, 0xA2, 0xFF, 0x00, 0x00, 0x3B, 0x35, 0x4B, 0xFF, 0x01, 0x00, 0xA3, 0xA6, 0x9B, 0xFF, 
	0x00, 0x00, 0xC4, 0xC8, 0xBA, 0xFF, 0x00, 0x00, 0xB4, 0xB7, 0xAB, 0xFF, 0x00, 0x00, 0x55, 0x56, 
	0x57, 0xFF, 0x0D, 0x00, 0xC9, 0x98, 0xC5, 0xFF, 0x00, 0x00, 0xE7, 0xAE, 0xE1, 0xFF, 0x00, 0x00, 
	0xE7, 0xAE, 0xE1, 0xFF, 0x00, 0x00, 0xEC, 0xB1, 0xE5, 0xFF, 0x00, 0x00, 0xF4, 0xB6, 0xEC, 0xFF, 
	0x00, 0x00, 0xF8, 0xBA, 0xF0, 0xFF, 0x00, 0x00, 0xEC, 0xB1, 0xE5, 0xFF, 0x00, 0x00, 0xAB, 0x82, 
	0xA8, 0xFF, 0x00, 0x00, 0x23, 0x32, 0x5A, 0xFF, 0x00, 0x00, 0x33, 0x3B, 0x67, 0xFF, 0x00, 0x00, 
	0x87, 0x6D, 0x94, 0xFF, 0x00, 0x00, 0xD4, 0xA0, 0xCD, 0xFF, 0x00, 0x00, 0xAB, 0x82, 0xA8, 0xFF, 
	0x01, 0x00, 0x14, 0x1D, 0x33, 0xFF, 0x00, 0x00, 0x1E, 0x2D, 0x51, 0xFF, 0x00, 0x00, 0x23, 0x32, 
	0x5A, 0xFF, 0x00, 0x00, 0x65, 0x65, 0x77, 0xFF, 0x00, 0x00, 0x54, 0x4E, 0x73, 0xFF, 0x00, 0x00, 
	0x67, 0x4B, 0x72, 0xFF, 0x00, 0x00, 0x39, 0x3A, 0x55, 0xFF, 0x07, 0x00, 0x26, 0x2B, 0x46, 0xFF, 
	0x00, 0x00, 0x1E, 0x2D, 0x51, 0xFF, 0x00, 0x00, 0x23, 0x32, 0x5A, 0xFF, 0x00, 0x00, 0x23, 0x32, 
	0x5A, 0xFF, 0x00, 0x00, 0x54, 0x4E, 0x73, 0xFF, 0x00, 0x00, 0x54, 0x4E, 0x73, 0xFF, 0x00, 0x00, 
	0x54, 0x4E, 0x73, 0xFF, 0x00, 0x00, 0x54, 0x4E, 0x73, 0xFF, 0x00, 0x00, 0x54, 0x4E, 0x73, 0xFF, 
	0x00, 0x00, 0x68, 0x57, 0x75, 0xFF, 0x00, 0x00, 0x68, 0x57, 0x75, 0xFF, 0x00, 0x00, 0x79, 0x63, 
	0x85, 0xFF, 0x00, 0x00, 0x23, 0x32, 0x5A, 0xFF, 0x00, 0x00, 0x27, 0x39, 0x65, 0xFF, 0x00, 0x00, 
	0x27, 0x39, 0x65, 0xFF, 0x00, 0x00, 0x33, 0x3A, 0x67, 0xFF, 0x00, 0x00, 0x39, 0x3A, 0x55, 0xFF, 
	0x00, 0x00, 0x68, 0x57, 0x75, 0xFF, 0x00, 0x00, 0x39, 0x45, 0x73, 0xFF, 0x00, 0x00, 0x68, 0x63, 
	0x89, 0xFF, 0x00, 0x00, 0x87, 0x6D, 0x94, 0xFF, 0x00, 0x00, 0x88, 0x68, 0x86, 0xFF, 0x00, 0x00, 
	0x4E, 0x3E, 0x68, 0xFF, 0x00, 0x00, 0x1B, 0x28, 0x47, 0xFF, 0x00, 0x00, 0x1B, 0x28, 0x47, 0xFF, 
	0x04, 0x00, 0x1E, 0x2D, 0x51, 0xFF, 0x00, 0x00, 0x23, 0x32, 0x5A, 0xFF, 0x00, 0x00, 0x23, 0x32, 
	0x5B, 0xFF, 0x00, 0x00, 0x23, 0x32, 0x5A, 0xFF, 0x00, 0x00, 0x1F, 0x30, 0x56, 0xFF, 0x00, 0x00, 
	0x23, 0x32, 0x5A, 0xFF, 0x00, 0x00, 0x33, 0x3B, 0x67, 0xFF, 0x00, 0x00, 0x72, 0x5E, 0x81, 0xFF, 
	0x00, 0x00, 0x87, 0x6D, 0x94, 0xFF, 0x00, 0x00, 0x68, 0x57, 0x75, 0xFF, 0x00, 0x00, 0x33, 0x3B, 
	0x67, 0xFF, 0x00, 0x00, 0x58, 0x56, 0x78, 0xFF, 0x00, 0x00, 0x79, 0x63, 0x85, 0xFF, 0x00, 0x00, 
	0x64, 0x5C, 0x88, 0xFF, 0x00, 0x00, 0x35, 0x41, 0x6C, 0xFF, 0x00, 0x00, 0x54, 0x4E, 0x73, 0xFF, 
	0x00, 0x00, 0x58, 0x56, 0x78, 0xFF, 0x00, 0x00, 0x58, 0x56, 0x78, 0xFF, 0x00, 0x00, 0x64, 0x5C, 
	0x88, 0xFF, 0x00, 0x00, 0x20, 0x2E, 0x53, 0xFF, 0x00, 0x00, 0x79, 0x63, 0x85, 0xFF, 0x00, 0x00, 
	0x96, 0x7A, 0xA7, 0xFF, 0x00, 0x00, 0xC2, 0x92, 0xBC, 0xFF, 0x00, 0x00, 0xC2, 0x92, 0xBC, 0xFF, 
	0x00, 0x00, 0xB2, 0x86, 0xAC, 0xFF, 0x05, 0x00, 0x92, 0x70, 0x8E, 0xFF, 0x00, 0x00, 0x79, 0x63, 
	0x85, 0xFF, 0x00, 0x00, 0x20, 0x2E, 0x53, 0xFF, 0x00, 0x00, 0x26, 0x2B, 0x46, 0xFF, 0x03, 0x00, 
	0x39, 0x3A, 0x55, 0xFF, 0x00, 0x00, 0x49, 0x48, 0x66, 0xFF, 0x00, 0x00, 0x49, 0x48, 0x66, 0xFF, 
	0x00, 0x00, 0x39, 0x3A, 0x55, 0xFF, 0x00, 0x00, 0x27, 0x39, 0x65, 0xFF, 0x00, 0x00, 0x58, 0x56, 
	0x78, 0xFF, 0x00, 0x00, 0x4B, 0x42, 0x5A, 0xFF, 0x00, 0x00, 0xB2, 0x86, 0xAC, 0xFF, 0x00, 0x00, 
	0xB9, 0x8B, 0xB4, 0xFF, 0x00, 0x00, 0xA6, 0x7D, 0xA2, 0xFF, 0x00, 0x00, 0xA6, 0x7D, 0xA2, 0xFF, 
	0x00, 0x00, 0x87, 0x6D, 0x94, 0xFF, 0x00, 0x00, 0x54, 0x4E, 0x73, 0xFF, 0x00, 0x00, 0x58, 0x56, 
	0x78, 0xFF, 0x00, 0x00, 0xA1, 0x7A, 0x9D, 0xFF, 0x00, 0x00, 0xBD, 0x90, 0xB9, 0xFF, 0x00, 0x00, 
	0xA1, 0x7A, 0x9D, 0xFF, 0x0E, 0x00, 0x49, 0x48, 0x66, 0xFF, 0x00, 0x00, 0x27, 0x39, 0x65, 0xFF, 
	0x00, 0x00, 0x1F, 0x30, 0x56, 0xFF, 0x00, 0x00, 0x33, 0x3B, 0x67, 0xFF, 0x00, 0x00, 0x54, 0x4E, 
	0x73, 0xFF, 0x00, 0x00, 0x49, 0x48, 0x66, 0xFF, 0x00, 0x00, 0x3C, 0x42, 0x53, 0xFF, 0x04, 0x00, 
	0x76, 0x5B, 0x76, 0xFF, 0x00, 0x00, 0xB9, 0x8B, 0xB4, 0xFF, 0x00, 0x00, 0x44, 0x44, 0x5B, 0xFF, 
	0x00, 0x00, 0x35, 0x41, 0x6D, 0xFF, 0x00, 0x00, 0x27, 0x39, 0x65, 0xFF, 0x00, 0x00, 0x23, 0x32, 
	0x5A, 0xFF, 0x00, 0x00, 0x23, 0x32, 0x5A, 0xFF, 0x00, 0x00, 0x1E, 0x2D, 0x51, 0xFF, 0x0B, 0x00, 
	0x6B, 0x73, 0x74, 0xFF, 0x00, 0x00, 0x49, 0x48, 0x66, 0xFF, 0x00, 0x00, 0x23, 0x32, 0x5A, 0xFF, 
	0x00, 0x00, 0x49, 0x48, 0x66, 0xFF, 0x00, 0x00, 0x23, 0x32, 0x5A, 0xFF, 0x00, 0x00, 0x20, 0x2E, 
	0x53, 0xFF, 0x00, 0x00, 0x3B, 0x3B, 0x4B, 0xFF, 0x0A, 0x00, 0x23, 0x32, 0x5A, 0xFF, 0x00, 0x00, 
	0x23, 0x32, 0x5A, 0xFF, 0x00, 0x00, 0x23, 0x32, 0x5A, 0xFF, 0x00, 0x00, 0x23, 0x32, 0x5A, 0xFF, 
	0x00, 0x00, 0x23, 0x32, 0x5A, 0xFF, 0x00, 0x00, 0x23, 0x32, 0x5A, 0xFF, 0x09, 0x00, 0x49, 0x48, 
	0x66, 0xFF, 0x00, 0x00, 0x39, 0x3A, 0x55, 0xFF, 0x00, 0x00, 0x68, 0x57, 0x75, 0xFF, 0x00, 0x00, 
	0x39, 0x3A, 0x55, 0xFF, 0x0F, 0x00, 0x49, 0x48, 0x66, 0xFF, 0x00, 0x00, 0x27, 0x39, 0x65, 0xFF, 
	0x01, 0x00, 0x1F, 0x30, 0x56, 0xFF, 0x00, 0x00, 0x67, 0x4B, 0x72, 0xFF, 0x00, 0x00, 0x39, 0x3A, 
	0x55, 0xFF, 0x06, 0x00, 0x4B, 0x4B, 0x5B, 0xFF, 0x00, 0x00, 0x21, 0x32, 0x5A, 0xFF, 0x00, 0x00, 
	0x57, 0x56, 0x67, 0xFF, 0x00, 0x00, 0x44, 0x44, 0x5B, 0xFF, 0x10, 0x00, 0x57, 0x56, 0x67, 0xFF, 
	0x00, 0x00, 0x39, 0x3A, 0x55, 0xFF, 0x02, 0x00, 0x57, 0x45, 0x59, 0xFF, 0x00, 0x00, 0x68, 0x57, 
	0x75, 0xFF, 0x00, 0x00, 0x44, 0x44, 0x5B, 0xFF, 0x05, 0x00, 0x5C, 0x61, 0x64, 0xFF, 0x00, 0x00, 
	0x57, 0x56, 0x67, 0xFF, 0x00, 0x00, 0x67, 0x4B, 0x72, 0xFF, 0x00, 0x00, 0x49, 0x48, 0x66, 0xFF, 
	0x00, 0x00, 0x5C, 0x61, 0x64, 0xFF
};

static constexpr uint8_t test[] = 
{
		0x50, 0x58, 0x4C, 0x01, 0x80, 0x10, 0x20, 0x08, 0x00, 0xFF, 0x64, 0x00, 0x00, 0x00, 0x64, 0x00, 
		0x08, 0x00, 0x87, 0x01, 0xDF, 0xFF, 0x0F, 0xFF, 0x70, 0x00, 0xDF, 0xFF, 0x0F, 0xFF, 0x8E, 0x01, 
		0xDF, 0xFF, 0x0F, 0xFF, 0x70, 0x00, 0xDF, 0xFF, 0x0F, 0xFF, 0x0E, 0x00, 0xDF, 0xFF, 0x0F, 0xFF, 
		0x70, 0x00, 0xDF, 0xFF, 0x0F, 0xFF, 0x8E, 0x01, 0xDF, 0xFF, 0x0F, 0xFF, 0x70, 0x00, 0xDF, 0xFF, 
		0x0F, 0xFF, 0x64, 0x00, 0x10, 0x00, 0x86, 0x01, 0xDF, 0xFF, 0x0F, 0xFF, 0x00, 0x00, 0xDF, 0xFF, 
		0x0F, 0xFF, 0x70, 0x00, 0xDF, 0xFF, 0x0F, 0xFF, 0x00, 0x00, 0xDF, 0xFF, 0x0F, 0xFF, 0x8C, 0x01, 
		0xDF, 0xFF, 0x0F, 0xFF, 0x00, 0x00, 0xDF, 0xFF, 0x0F, 0xFF, 0x70, 0x00, 0xDF, 0xFF, 0x0F, 0xFF, 
		0x00, 0x00, 0xDF, 0xFF, 0x0F, 0xFF, 0x0C, 0x00, 0xDF, 0xFF, 0x0F, 0xFF, 0x00, 0x00, 0xDF, 0xFF, 
		0x0F, 0xFF, 0x70, 0x00, 0xDF, 0xFF, 0x0F, 0xFF, 0x00, 0x00, 0xDF, 0xFF, 0x0F, 0xFF, 0x8C, 0x01, 
		0xDF, 0xFF, 0x0F, 0xFF, 0x00, 0x00, 0xDF, 0xFF, 0x0F, 0xFF, 0x70, 0x00, 0xDF, 0xFF, 0x0F, 0xFF, 
		0x00, 0x00, 0xDF, 0xFF, 0x0F, 0xFF, 0x64, 0x00, 0x18, 0x00, 0x85, 0x01, 0xDF, 0xFF, 0x0F, 0xFF, 
		0x00, 0x00, 0xDF, 0xFF, 0x0F, 0xFF, 0x00, 0x00, 0xDF, 0xFF, 0x0F, 0xFF, 0x70, 0x00, 0xDF, 0xFF, 
		0x0F, 0xFF, 0x00, 0x00, 0xDF, 0xFF, 0x0F, 0xFF, 0x00, 0x00, 0xDF, 0xFF, 0x0F, 0xFF, 0x8A, 0x01, 
		0xDF, 0xFF, 0x0F, 0xFF, 0x00, 0x00, 0xDF, 0xFF, 0x0F, 0xFF, 0x00, 0x00, 0xDF, 0xFF, 0x0F, 0xFF, 
		0x70, 0x00, 0xDF, 0xFF, 0x0F, 0xFF, 0x00, 0x00, 0xDF, 0xFF, 0x0F, 0xFF, 0x00, 0x00, 0xDF, 0xFF, 
		0x0F, 0xFF, 0x0A, 0x00, 0xDF, 0xFF, 0x0F, 0xFF, 0x00, 0x00, 0xDF, 0xFF, 0x0F, 0xFF, 0x00, 0x00, 
		0xDF, 0xFF, 0x0F, 0xFF, 0x70, 0x00, 0xDF, 0xFF, 0x0F, 0xFF, 0x00, 0x00, 0xDF, 0xFF, 0x0F, 0xFF, 
		0x00, 0x00, 0xDF, 0xFF, 0x0F, 0xFF, 0x8A, 0x01, 0xDF, 0xFF, 0x0F, 0xFF, 0x00, 0x00, 0xDF, 0xFF, 
		0x0F, 0xFF, 0x00, 0x00, 0xDF, 0xFF, 0x0F, 0xFF, 0x70, 0x00, 0xDF, 0xFF, 0x0F, 0xFF, 0x00, 0x00, 
		0xDF, 0xFF, 0x0F, 0xFF, 0x00, 0x00, 0xDF, 0xFF, 0x0F, 0xFF, 0x64, 0x00, 0x20, 0x00, 0x84, 0x01, 
		0xDF, 0xFF, 0x0F, 0xFF, 0x00, 0x00, 0xDF, 0xFF, 0x0F, 0xFF, 0x00, 0x00, 0xDF, 0xFF, 0x0F, 0xFF, 
		0x00, 0x00, 0xDF, 0xFF, 0x0F, 0xFF, 0x70, 0x00, 0xDF, 0xFF, 0x0F, 0xFF, 0x00, 0x00, 0xDF, 0xFF, 
		0x0F, 0xFF, 0x00, 0x00, 0xDF, 0xFF, 0x0F, 0xFF, 0x00, 0x00, 0xDF, 0xFF, 0x0F, 0xFF, 0x88, 0x01, 
		0xDF, 0xFF, 0x0F, 0xFF, 0x00, 0x00, 0xDF, 0xFF, 0x0F, 0xFF, 0x00, 0x00, 0xDF, 0xFF, 0x0F, 0xFF, 
		0x00, 0x00, 0xDF, 0xFF, 0x0F, 0xFF, 0x70, 0x00, 0xDF, 0xFF, 0x0F, 0xFF, 0x00, 0x00, 0xDF, 0xFF, 
		0x0F, 0xFF, 0x00, 0x00, 0xDF, 0xFF, 0x0F, 0xFF, 0x00, 0x00, 0xDF, 0xFF, 0x0F, 0xFF, 0x08, 0x00, 
		0xDF, 0xFF, 0x0F, 0xFF, 0x00, 0x00, 0xDF, 0xFF, 0x0F, 0xFF, 0x00, 0x00, 0xDF, 0xFF, 0x0F, 0xFF, 
		0x00, 0x00, 0xDF, 0xFF, 0x0F, 0xFF, 0x70, 0x00, 0xDF, 0xFF, 0x0F, 0xFF, 0x00, 0x00, 0xDF, 0xFF, 
		0x0F, 0xFF, 0x00, 0x00, 0xDF, 0xFF, 0x0F, 0xFF, 0x00, 0x00, 0xDF, 0xFF, 0x0F, 0xFF, 0x88, 0x01, 
		0xDF, 0xFF, 0x0F, 0xFF, 0x00, 0x00, 0xDF, 0xFF, 0x0F, 0xFF, 0x00, 0x00, 0xDF, 0xFF, 0x0F, 0xFF, 
		0x00, 0x00, 0xDF, 0xFF, 0x0F, 0xFF, 0x70, 0x00, 0xDF, 0xFF, 0x0F, 0xFF, 0x00, 0x00, 0xDF, 0xFF, 
		0x0F, 0xFF, 0x00, 0x00, 0xDF, 0xFF, 0x0F, 0xFF, 0x00, 0x00, 0xDF, 0xFF, 0x0F, 0xFF, 0x64, 0x00, 
		0x28, 0x00, 0x83, 0x01, 0xDF, 0xFF, 0x0F, 0xFF, 0x00, 0x00, 0xDF, 0xFF, 0x0F, 0xFF, 0x00, 0x00, 
		0xDF, 0xFF, 0x0F, 0xFF, 0x00, 0x00, 0xDF, 0xFF, 0x0F, 0xFF, 0x00, 0x00, 0xDF, 0xFF, 0x0F, 0xFF, 
		0x70, 0x00, 0xDF, 0xFF, 0x0F, 0xFF, 0x00, 0x00, 0xDF, 0xFF, 0x0F, 0xFF, 0x00, 0x00, 0xDF, 0xFF, 
		0x0F, 0xFF, 0x00, 0x00, 0xDF, 0xFF, 0x0F, 0xFF, 0x00, 0x00, 0xDF, 0xFF, 0x0F, 0xFF, 0x86, 0x01, 
		0xDF, 0xFF, 0x0F, 0xFF, 0x00, 0x00, 0xDF, 0xFF, 0x0F, 0xFF, 0x00, 0x00, 0xDF, 0xFF, 0x0F, 0xFF, 
		0x00, 0x00, 0xDF, 0xFF, 0x0F, 0xFF, 0x00, 0x00, 0xDF, 0xFF, 0x0F, 0xFF, 0x70, 0x00, 0xDF, 0xFF, 
		0x0F, 0xFF, 0x00, 0x00, 0xDF, 0xFF, 0x0F, 0xFF, 0x00, 0x00, 0xDF, 0xFF, 0x0F, 0xFF, 0x00, 0x00, 
		0xDF, 0xFF, 0x0F, 0xFF, 0x00, 0x00, 0xDF, 0xFF, 0x0F, 0xFF, 0x06, 0x00, 0xDF, 0xFF, 0x0F, 0xFF, 
		0x00, 0x00, 0xDF, 0xFF, 0x0F, 0xFF, 0x00, 0x00, 0xDF, 0xFF, 0x0F, 0xFF, 0x00, 0x00, 0xDF, 0xFF, 
		0x0F, 0xFF, 0x00, 0x00, 0xDF, 0xFF, 0x0F, 0xFF, 0x70, 0x00, 0xDF, 0xFF, 0x0F, 0xFF, 0x00, 0x00, 
		0xDF, 0xFF, 0x0F, 0xFF, 0x00, 0x00, 0xDF, 0xFF, 0x0F, 0xFF, 0x00, 0x00, 0xDF, 0xFF, 0x0F, 0xFF, 
		0x00, 0x00, 0xDF, 0xFF, 0x0F, 0xFF, 0x86, 0x01, 0xDF, 0xFF, 0x0F, 0xFF, 0x00, 0x00, 0xDF, 0xFF, 
		0x0F, 0xFF, 0x00, 0x00, 0xDF, 0xFF, 0x0F, 0xFF, 0x00, 0x00, 0xDF, 0xFF, 0x0F, 0xFF, 0x00, 0x00, 
		0xDF, 0xFF, 0x0F, 0xFF, 0x70, 0x00, 0xDF, 0xFF, 0x0F, 0xFF, 0x00, 0x00, 0xDF, 0xFF, 0x0F, 0xFF, 
		0x00, 0x00, 0xDF, 0xFF, 0x0F, 0xFF, 0x00, 0x00, 0xDF, 0xFF, 0x0F, 0xFF, 0x00, 0x00, 0xDF, 0xFF, 
		0x0F, 0xFF, 0x64, 0x00, 0x30, 0x00, 0x82, 0x01, 0xDF, 0xFF, 0x0F, 0xFF, 0x00, 0x00, 0xDF, 0xFF, 
		0x0F, 0xFF, 0x00, 0x00, 0xDF, 0xFF, 0x0F, 0xFF, 0x00, 0x00, 0xDF, 0xFF, 0x0F, 0xFF, 0x00, 0x00, 
		0xDF, 0xFF, 0x0F, 0xFF, 0x00, 0x00, 0xDF, 0xFF, 0x0F, 0xFF, 0x70, 0x00, 0xDF, 0xFF, 0x0F, 0xFF, 
		0x00, 0x00, 0xDF, 0xFF, 0x0F, 0xFF, 0x00, 0x00, 0xDF, 0xFF, 0x0F, 0xFF, 0x00, 0x00, 0xDF, 0xFF, 
		0x0F, 0xFF, 0x00, 0x00, 0xDF, 0xFF, 0x0F, 0xFF, 0x00, 0x00, 0xDF, 0xFF, 0x0F, 0xFF, 0x84, 0x01, 
		0xDF, 0xFF, 0x0F, 0xFF, 0x00, 0x00, 0xDF, 0xFF, 0x0F, 0xFF, 0x00, 0x00, 0xDF, 0xFF, 0x0F, 0xFF, 
		0x00, 0x00, 0xDF, 0xFF, 0x0F, 0xFF, 0x00, 0x00, 0xDF, 0xFF, 0x0F, 0xFF, 0x00, 0x00, 0xDF, 0xFF, 
		0x0F, 0xFF, 0x70, 0x00, 0xDF, 0xFF, 0x0F, 0xFF, 0x00, 0x00, 0xDF, 0xFF, 0x0F, 0xFF, 0x00, 0x00, 
		0xDF, 0xFF, 0x0F, 0xFF, 0x00, 0x00, 0xDF, 0xFF, 0x0F, 0xFF, 0x00, 0x00, 0xDF, 0xFF, 0x0F, 0xFF, 
		0x00, 0x00, 0xDF, 0xFF, 0x0F, 0xFF, 0x04, 0x00, 0xDF, 0xFF, 0x0F, 0xFF, 0x00, 0x00, 0xDF, 0xFF, 
		0x0F, 0xFF, 0x00, 0x00, 0xDF, 0xFF, 0x0F, 0xFF, 0x00, 0x00, 0xDF, 0xFF, 0x0F, 0xFF, 0x00, 0x00, 
		0xDF, 0xFF, 0x0F, 0xFF, 0x00, 0x00, 0xDF, 0xFF, 0x0F, 0xFF, 0x70, 0x00, 0xDF, 0xFF, 0x0F, 0xFF, 
		0x00, 0x00, 0xDF, 0xFF, 0x0F, 0xFF, 0x00, 0x00, 0xDF, 0xFF, 0x0F, 0xFF, 0x00, 0x00, 0xDF, 0xFF, 
		0x0F, 0xFF, 0x00, 0x00, 0xDF, 0xFF, 0x0F, 0xFF, 0x00, 0x00, 0xDF, 0xFF, 0x0F, 0xFF, 0x84, 0x01, 
		0xDF, 0xFF, 0x0F, 0xFF, 0x00, 0x00, 0xDF, 0xFF, 0x0F, 0xFF, 0x00, 0x00, 0xDF, 0xFF, 0x0F, 0xFF, 
		0x00, 0x00, 0xDF, 0xFF, 0x0F, 0xFF, 0x00, 0x00, 0xDF, 0xFF, 0x0F, 0xFF, 0x00, 0x00, 0xDF, 0xFF, 
		0x0F, 0xFF, 0x70, 0x00, 0xDF, 0xFF, 0x0F, 0xFF, 0x00, 0x00, 0xDF, 0xFF, 0x0F, 0xFF, 0x00, 0x00, 
		0xDF, 0xFF, 0x0F, 0xFF, 0x00, 0x00, 0xDF, 0xFF, 0x0F, 0xFF, 0x00, 0x00, 0xDF, 0xFF, 0x0F, 0xFF, 
		0x00, 0x00, 0xDF, 0xFF, 0x0F, 0xFF, 0x64, 0x00, 0x38, 0x00, 0x81, 0x01, 0xDF, 0xFF, 0x0F, 0xFF, 
		0x00, 0x00, 0xDF, 0xFF, 0x0F, 0xFF, 0x00, 0x00, 0xDF, 0xFF, 0x0F, 0xFF, 0x00, 0x00, 0xDF, 0xFF, 
		0x0F, 0xFF, 0x00, 0x00, 0xDF, 0xFF, 0x0F, 0xFF, 0x00, 0x00, 0xDF, 0xFF, 0x0F, 0xFF, 0x00, 0x00, 
		0xDF, 0xFF, 0x0F, 0xFF, 0x70, 0x00, 0xDF, 0xFF, 0x0F, 0xFF, 0x00, 0x00, 0xDF, 0xFF, 0x0F, 0xFF, 
		0x00, 0x00, 0xDF, 0xFF, 0x0F, 0xFF, 0x00, 0x00, 0xDF, 0xFF, 0x0F, 0xFF, 0x00, 0x00, 0xDF, 0xFF, 
		0x0F, 0xFF, 0x00, 0x00, 0xDF, 0xFF, 0x0F, 0xFF, 0x00, 0x00, 0xDF, 0xFF, 0x0F, 0xFF, 0x82, 0x01, 
		0xDF, 0xFF, 0x0F, 0xFF, 0x00, 0x00, 0xDF, 0xFF, 0x0F, 0xFF, 0x00, 0x00, 0xDF, 0xFF, 0x0F, 0xFF, 
		0x00, 0x00, 0xDF, 0xFF, 0x0F, 0xFF, 0x00, 0x00, 0xDF, 0xFF, 0x0F, 0xFF, 0x00, 0x00, 0xDF, 0xFF, 
		0x0F, 0xFF, 0x00, 0x00, 0xDF, 0xFF, 0x0F, 0xFF, 0x70, 0x00, 0xDF, 0xFF, 0x0F, 0xFF, 0x00, 0x00, 
		0xDF, 0xFF, 0x0F, 0xFF, 0x00, 0x00, 0xDF, 0xFF, 0x0F, 0xFF, 0x00, 0x00, 0xDF, 0xFF, 0x0F, 0xFF, 
		0x00, 0x00, 0xDF, 0xFF, 0x0F, 0xFF, 0x00, 0x00, 0xDF, 0xFF, 0x0F, 0xFF, 0x00, 0x00, 0xDF, 0xFF, 
		0x0F, 0xFF, 0x02, 0x00, 0xDF, 0xFF, 0x0F, 0xFF, 0x00, 0x00, 0xDF, 0xFF, 0x0F, 0xFF, 0x00, 0x00, 
		0xDF, 0xFF, 0x0F, 0xFF, 0x00, 0x00, 0xDF, 0xFF, 0x0F, 0xFF, 0x00, 0x00, 0xDF, 0xFF, 0x0F, 0xFF, 
		0x00, 0x00, 0xDF, 0xFF, 0x0F, 0xFF, 0x00, 0x00, 0xDF, 0xFF, 0x0F, 0xFF, 0x70, 0x00, 0xDF, 0xFF, 
		0x0F, 0xFF, 0x00, 0x00, 0xDF, 0xFF, 0x0F, 0xFF, 0x00, 0x00, 0xDF, 0xFF, 0x0F, 0xFF, 0x00, 0x00, 
		0xDF, 0xFF, 0x0F, 0xFF, 0x00, 0x00, 0xDF, 0xFF, 0x0F, 0xFF, 0x00, 0x00, 0xDF, 0xFF, 0x0F, 0xFF, 
		0x00, 0x00, 0xDF, 0xFF, 0x0F, 0xFF, 0x82, 0x01, 0xDF, 0xFF, 0x0F, 0xFF, 0x00, 0x00, 0xDF, 0xFF, 
		0x0F, 0xFF, 0x00, 0x00, 0xDF, 0xFF, 0x0F, 0xFF, 0x00, 0x00, 0xDF, 0xFF, 0x0F, 0xFF, 0x00, 0x00, 
		0xDF, 0xFF, 0x0F, 0xFF, 0x00, 0x00, 0xDF, 0xFF, 0x0F, 0xFF, 0x00, 0x00, 0xDF, 0xFF, 0x0F, 0xFF, 
		0x70, 0x00, 0xDF, 0xFF, 0x0F, 0xFF, 0x00, 0x00, 0xDF, 0xFF, 0x0F, 0xFF, 0x00, 0x00, 0xDF, 0xFF, 
		0x0F, 0xFF, 0x00, 0x00, 0xDF, 0xFF, 0x0F, 0xFF, 0x00, 0x00, 0xDF, 0xFF, 0x0F, 0xFF, 0x00, 0x00, 
		0xDF, 0xFF, 0x0F, 0xFF, 0x00, 0x00, 0xDF, 0xFF, 0x0F, 0xFF
	};

/*
static constexpr uint8_t image_data[][16][36][3] = {
	{
		{{0x00,0x00,0x00}, {0x00,0x00,0x00}, {0x00,0x00,0x00}, {0x00,0x00,0x00}, {0x00,0x00,0x00}, {0x00,0x00,0x00}, {0x00,0x00,0x00}, {0x00,0x00,0x00}, {0x00,0x00,0x00}, {0x00,0x00,0x00}, {0x00,0x00,0x00}, {0x00,0x00,0x00}, {0x00,0x00,0x00}, {0x00,0x00,0x00}, {0x00,0x00,0x00}, {0x00,0x00,0x00}, {0x00,0x00,0x00}, {0x00,0x00,0x00}, {0x00,0x00,0x00}, {0x00,0x00,0x00}, {0x00,0x00,0x00}, {0x00,0x00,0x00}, {0x00,0x00,0x00}, {0x00,0x00,0x00}, {0x00,0x00,0x00}, {0x00,0x00,0x00}, {0x00,0x00,0x00}, {0x00,0x00,0x00}, {0x00,0x00,0x00}, {0x00,0x00,0x00}, {0x00,0x00,0x00}, {0x00,0x00,0x00}, {0x00,0x00,0x00}, {0x00,0x00,0x00}, {0x00,0x00,0x00}, {0x00,0x00,0x00}},
		{{0x00,0x00,0x00}, {0x00,0x00,0x00}, {0x00,0x00,0x00}, {0x00,0x00,0x00}, {0x00,0x00,0x00}, {0x00,0x00,0x00}, {0x00,0x00,0x00}, {0x00,0x00,0x00}, {0x00,0x00,0x00}, {0x00,0x00,0x00}, {0x00,0x00,0x00}, {0x00,0x00,0x00}, {0x00,0x00,0x00}, {0x00,0x00,0x00}, {0x00,0x00,0x00}, {0x00,0x00,0x00}, {0x00,0x00,0x00}, {0x00,0x00,0x00}, {0x00,0x00,0x00}, {0x00,0x00,0x00}, {0x00,0x00,0x00}, {0x00,0x00,0x00}, {0x00,0x00,0x00}, {0x00,0x00,0x00}, {0x00,0x00,0x00}, {0x00,0x00,0x00}, {0x00,0x00,0x00}, {0x00,0x00,0x00}, {0x00,0x00,0x00}, {0x00,0x00,0x00}, {0x00,0x00,0x00}, {0x00,0x00,0x00}, {0x00,0x00,0x00}, {0x00,0x00,0x00}, {0x00,0x00,0x00}, {0x00,0x00,0x00}},
		{{0x00,0x00,0x00}, {0x00,0x00,0x00}, {0x00,0x00,0x00}, {0x00,0x00,0x00}, {0x00,0x00,0x00}, {0x00,0x00,0x00}, {0x00,0x00,0x00}, {0x00,0x00,0x00}, {0x00,0x00,0x00}, {0x00,0x00,0x00}, {0x00,0x00,0x00}, {0x00,0x00,0x00}, {0x00,0x00,0x00}, {0x00,0x00,0x00}, {0x00,0x00,0x00}, {0x00,0x00,0x00}, {0x00,0x00,0x00}, {0x00,0x00,0x00}, {0x00,0x00,0x00}, {0x00,0x00,0x00}, {0x00,0x00,0x00}, {0x00,0x00,0x00}, {0x00,0x00,0x00}, {0x00,0x00,0x00}, {0x00,0x00,0x00}, {0x00,0x00,0x00}, {0x00,0x00,0x00}, {0x00,0x00,0x00}, {0x00,0x00,0x00}, {0x00,0x00,0x00}, {0x00,0x00,0x00}, {0x00,0x00,0x00}, {0x00,0x00,0x00}, {0x00,0x00,0x00}, {0x00,0x00,0x00}, {0x00,0x00,0x00}},
		{{0x00,0x00,0x00}, {0x00,0x00,0x00}, {0x00,0x00,0x00}, {0x00,0x00,0x00}, {0x00,0x00,0x00}, {0x00,0x00,0x00}, {0x00,0x00,0x00}, {0x00,0x00,0x00}, {0x00,0x00,0x00}, {0x00,0x00,0x00}, {0x00,0x00,0x00}, {0x00,0x00,0x00}, {0x00,0x00,0x00}, {0x00,0x00,0x00}, {0x00,0x00,0x00}, {0x00,0x00,0x00}, {0x00,0x00,0x00}, {0x00,0x00,0x00}, {0x00,0x00,0x00}, {0x00,0x00,0x00}, {0x00,0x00,0x00}, {0x00,0x00,0x00}, {0x00,0x00,0x00}, {0x00,0x00,0x00}, {0x00,0x00,0x00}, {0x00,0x00,0x00}, {0x00,0x00,0x00}, {0x00,0x00,0x00}, {0x00,0x00,0x00}, {0x00,0x00,0x00}, {0x00,0x00,0x00}, {0x00,0x00,0x00}, {0x00,0x00,0x00}, {0x00,0x00,0x00}, {0x00,0x00,0x00}, {0x00,0x00,0x00}},
		{{0x00,0x00,0x00}, {0x00,0x00,0x00}, {0x00,0x00,0x00}, {0x00,0x00,0x00}, {0x00,0x00,0x00}, {0x00,0x00,0x00}, {0x00,0x00,0x00}, {0x00,0x00,0x00}, {0x00,0x00,0x00}, {0x00,0x00,0x00}, {0x00,0x00,0x00}, {0x00,0x00,0x00}, {0x00,0x00,0x00}, {0x00,0x00,0x00}, {0x00,0x00,0x00}, {0x00,0x00,0x00}, {0x00,0x00,0x00}, {0x00,0x00,0x00}, {0x00,0x00,0x00}, {0x00,0x00,0x00}, {0x00,0x00,0x00}, {0x00,0x00,0x00}, {0x00,0x00,0x00}, {0x00,0x00,0x00}, {0x00,0x00,0x00}, {0x00,0x00,0x00}, {0x00,0x00,0x00}, {0x00,0x00,0x00}, {0x00,0x00,0x00}, {0x00,0x00,0x00}, {0x00,0x00,0x00}, {0x00,0x00,0x00}, {0x00,0x00,0x00}, {0x00,0x00,0x00}, {0x00,0x00,0x00}, {0x00,0x00,0x00}},
		{{0x00,0x00,0x00}, {0x00,0x00,0x00}, {0x00,0x00,0x00}, {0x00,0x00,0x00}, {0x00,0x00,0x00}, {0x00,0x00,0x00}, {0x00,0x00,0x00}, {0x00,0x00,0x00}, {0x02,0x02,0x03}, {0x05,0x04,0x07}, {0x07,0x05,0x0A}, {0x04,0x02,0x07}, {0x01,0x00,0x02}, {0x0D,0x0B,0x11}, {0x18,0x1B,0x20}, {0x14,0x17,0x1A}, {0x09,0x0A,0x0C}, {0x05,0x06,0x06}, {0x01,0x01,0x01}, {0x00,0x00,0x00}, {0x00,0x00,0x00}, {0x00,0x00,0x00}, {0x00,0x00,0x00}, {0x13,0x12,0x12}, {0x11,0x11,0x12}, {0x00,0x00,0x00}, {0x00,0x00,0x00}, {0x00,0x00,0x00}, {0x00,0x00,0x00}, {0x00,0x00,0x00}, {0x00,0x00,0x00}, {0x00,0x00,0x00}, {0x00,0x00,0x00}, {0x00,0x00,0x00}, {0x00,0x00,0x00}, {0x00,0x00,0x00}},
		{{0x00,0x00,0x00}, {0x00,0x00,0x00}, {0x00,0x00,0x00}, {0x00,0x00,0x00}, {0x00,0x00,0x00}, {0x00,0x00,0x00}, {0x00,0x00,0x00}, {0x00,0x00,0x00}, {0x0A,0x09,0x0D}, {0x1D,0x1E,0x28}, {0x3C,0x46,0x51}, {0x66,0x7F,0x88}, {0x68,0x80,0x8B}, {0x5E,0x70,0x81}, {0x68,0x7D,0x8D}, {0x69,0x7F,0x8F}, {0x55,0x65,0x77}, {0x4E,0x5B,0x6E}, {0x40,0x48,0x5B}, {0x28,0x2B,0x3A}, {0x03,0x03,0x05}, {0x00,0x00,0x00}, {0x2F,0x2E,0x2D}, {0x52,0x50,0x4F}, {0x0D,0x0D,0x0E}, {0x00,0x00,0x00}, {0x00,0x00,0x00}, {0x00,0x00,0x00}, {0x00,0x00,0x00}, {0x00,0x00,0x00}, {0x00,0x00,0x00}, {0x00,0x00,0x00}, {0x00,0x00,0x00}, {0x00,0x00,0x00}, {0x00,0x00,0x00}, {0x00,0x00,0x00}},
		{{0x00,0x00,0x00}, {0x00,0x00,0x00}, {0x00,0x00,0x00}, {0x00,0x00,0x00}, {0x00,0x00,0x00}, {0x07,0x07,0x09}, {0x11,0x10,0x17}, {0x1A,0x1C,0x25}, {0x36,0x41,0x48}, {0x60,0x7A,0x7F}, {0x70,0x8F,0x94}, {0x80,0xA5,0xA9}, {0x8B,0xB4,0xB6}, {0x8D,0xB6,0xB8}, {0x88,0xB0,0xB3}, {0x86,0xAD,0xB0}, {0x82,0xA6,0xAD}, {0x70,0x8B,0x99}, {0x54,0x5E,0x77}, {0x40,0x3D,0x64}, {0x25,0x1A,0x41}, {0x00,0x00,0x00}, {0x6E,0x6D,0x6B}, {0x4A,0x48,0x47}, {0x0C,0x0C,0x0F}, {0x00,0x01,0x00}, {0x00,0x00,0x00}, {0x00,0x00,0x00}, {0x00,0x00,0x00}, {0x00,0x00,0x00}, {0x00,0x00,0x00}, {0x00,0x00,0x00}, {0x00,0x00,0x00}, {0x00,0x00,0x00}, {0x00,0x00,0x00}, {0x00,0x00,0x00}},
		{{0x00,0x00,0x00}, {0x00,0x00,0x00}, {0x00,0x00,0x00}, {0x00,0x00,0x00}, {0x00,0x00,0x00}, {0x03,0x03,0x04}, {0x05,0x05,0x06}, {0x06,0x07,0x07}, {0x0F,0x15,0x13}, {0x47,0x5E,0x5A}, {0xA8,0xE0,0xD8}, {0xAC,0xE6,0xDE}, {0xB2,0xEE,0xE5}, {0xBF,0xFF,0xF5}, {0xB2,0xEC,0xE6}, {0x60,0x6B,0x8C}, {0x4B,0x4B,0x74}, {0x66,0x78,0x90}, {0x70,0x8A,0x99}, {0x3F,0x47,0x5B}, {0x11,0x0F,0x1C}, {0x00,0x00,0x00}, {0x19,0x19,0x17}, {0x8A,0x87,0x83}, {0xA2,0xA0,0x9C}, {0x1B,0x19,0x1F}, {0x00,0x00,0x00}, {0x00,0x00,0x00}, {0x00,0x00,0x00}, {0x00,0x00,0x00}, {0x00,0x00,0x00}, {0x00,0x00,0x00}, {0x00,0x00,0x00}, {0x00,0x00,0x00}, {0x00,0x00,0x00}, {0x00,0x00,0x00}},
		{{0x00,0x00,0x00}, {0x00,0x00,0x00}, {0x00,0x00,0x00}, {0x00,0x00,0x00}, {0x00,0x00,0x00}, {0x00,0x00,0x00}, {0x02,0x01,0x03}, {0x08,0x05,0x0C}, {0x0B,0x08,0x13}, {0x1C,0x1C,0x2A}, {0x82,0xA5,0xAD}, {0x88,0xAD,0xB5}, {0x85,0xA8,0xB1}, {0x8C,0xB4,0xB8}, {0x90,0xB9,0xBE}, {0x81,0xA0,0xAF}, {0x57,0x5F,0x80}, {0x49,0x48,0x70}, {0x60,0x6C,0x89}, {0x21,0x23,0x30}, {0x04,0x03,0x06}, {0x0F,0x0D,0x18}, {0x1C,0x18,0x30}, {0x33,0x2B,0x55}, {0x5E,0x51,0x7D}, {0x47,0x3F,0x6F}, {0x2B,0x2A,0x48}, {0x0D,0x0A,0x16}, {0x00,0x00,0x00}, {0x00,0x00,0x00}, {0x00,0x00,0x00}, {0x00,0x00,0x00}, {0x00,0x00,0x00}, {0x00,0x00,0x00}, {0x00,0x00,0x00}, {0x00,0x00,0x00}},
		{{0x00,0x00,0x00}, {0x00,0x00,0x00}, {0x01,0x01,0x01}, {0x11,0x15,0x16}, {0x1C,0x1B,0x2B}, {0x24,0x19,0x3C}, {0x2A,0x1E,0x47}, {0x2C,0x1F,0x4C}, {0x29,0x1C,0x49}, {0x2F,0x25,0x4F}, {0x3C,0x39,0x5D}, {0x51,0x54,0x79}, {0x39,0x2C,0x61}, {0x33,0x23,0x5B}, {0x54,0x53,0x83}, {0x4C,0x47,0x79}, {0x49,0x44,0x73}, {0x38,0x2B,0x61}, {0x39,0x26,0x65}, {0x3B,0x2D,0x64}, {0x2D,0x23,0x4D}, {0x42,0x3B,0x6C}, {0x5E,0x62,0x8F}, {0x63,0x6D,0x91}, {0x47,0x4F,0x69}, {0x25,0x1F,0x3F}, {0x2B,0x22,0x48}, {0x19,0x14,0x2B}, {0x00,0x00,0x00}, {0x00,0x00,0x00}, {0x00,0x00,0x00}, {0x00,0x00,0x00}, {0x00,0x00,0x00}, {0x00,0x00,0x00}, {0x00,0x00,0x00}, {0x00,0x00,0x00}},
		{{0x00,0x00,0x00}, {0x00,0x00,0x00}, {0x14,0x18,0x1A}, {0x3D,0x4C,0x4E}, {0x19,0x18,0x26}, {0x0B,0x08,0x12}, {0x04,0x03,0x07}, {0x01,0x01,0x02}, {0x12,0x16,0x18}, {0x33,0x2E,0x50}, {0x2F,0x28,0x4D}, {0x45,0x45,0x69}, {0x49,0x42,0x76}, {0x3E,0x32,0x68}, {0x2A,0x23,0x44}, {0x52,0x60,0x73}, {0x4D,0x4B,0x79}, {0x3C,0x2C,0x6A}, {0x36,0x25,0x61}, {0x3B,0x2C,0x67}, {0x47,0x3E,0x74}, {0x4B,0x47,0x76}, {0x44,0x4E,0x61}, {0x16,0x1C,0x1C}, {0x01,0x02,0x00}, {0x00,0x00,0x00}, {0x00,0x00,0x00}, {0x00,0x00,0x00}, {0x00,0x00,0x00}, {0x00,0x00,0x00}, {0x00,0x00,0x00}, {0x00,0x00,0x00}, {0x00,0x00,0x00}, {0x00,0x00,0x00}, {0x00,0x00,0x00}, {0x00,0x00,0x00}},
		{{0x00,0x00,0x00}, {0x00,0x00,0x00}, {0x00,0x00,0x01}, {0x00,0x00,0x00}, {0x00,0x00,0x00}, {0x00,0x00,0x00}, {0x17,0x16,0x14}, {0x06,0x08,0x07}, {0x34,0x31,0x52}, {0x38,0x29,0x61}, {0x2B,0x20,0x4A}, {0x2D,0x24,0x4A}, {0x28,0x22,0x41}, {0x0A,0x08,0x11}, {0x00,0x00,0x00}, {0x04,0x06,0x04}, {0x2D,0x38,0x3B}, {0x57,0x68,0x79}, {0x53,0x5A,0x77}, {0x47,0x50,0x65}, {0x41,0x3E,0x65}, {0x33,0x27,0x57}, {0x30,0x24,0x52}, {0x21,0x17,0x3A}, {0x0A,0x08,0x10}, {0x00,0x00,0x00}, {0x06,0x05,0x07}, {0x06,0x06,0x07}, {0x00,0x00,0x00}, {0x00,0x00,0x00}, {0x00,0x00,0x00}, {0x00,0x00,0x00}, {0x00,0x00,0x00}, {0x00,0x00,0x00}, {0x00,0x00,0x00}, {0x00,0x00,0x00}},
		{{0x00,0x00,0x00}, {0x00,0x00,0x00}, {0x00,0x00,0x00}, {0x00,0x00,0x00}, {0x05,0x05,0x05}, {0x2D,0x2D,0x35}, {0x39,0x39,0x48}, {0x3E,0x40,0x5C}, {0x3A,0x32,0x5E}, {0x0D,0x09,0x16}, {0x00,0x01,0x00}, {0x00,0x00,0x00}, {0x00,0x00,0x00}, {0x00,0x00,0x00}, {0x00,0x00,0x00}, {0x00,0x00,0x00}, {0x00,0x00,0x00}, {0x00,0x00,0x00}, {0x05,0x07,0x06}, {0x00,0x00,0x00}, {0x09,0x06,0x0F}, {0x1C,0x15,0x2F}, {0x28,0x1E,0x44}, {0x2E,0x22,0x4F}, {0x29,0x1F,0x43}, {0x2E,0x2A,0x46}, {0x2F,0x2E,0x45}, {0x17,0x18,0x1C}, {0x00,0x00,0x00}, {0x00,0x00,0x00}, {0x00,0x00,0x00}, {0x00,0x00,0x00}, {0x00,0x00,0x00}, {0x00,0x00,0x00}, {0x00,0x00,0x00}, {0x00,0x00,0x00}},
		{{0x00,0x00,0x00}, {0x00,0x00,0x00}, {0x00,0x00,0x00}, {0x00,0x00,0x00}, {0x00,0x00,0x00}, {0x0E,0x0D,0x13}, {0x37,0x3B,0x4E}, {0x29,0x28,0x3E}, {0x0A,0x09,0x10}, {0x00,0x00,0x00}, {0x00,0x00,0x00}, {0x00,0x00,0x00}, {0x00,0x00,0x00}, {0x00,0x00,0x00}, {0x00,0x00,0x00}, {0x00,0x00,0x00}, {0x00,0x00,0x00}, {0x00,0x00,0x00}, {0x00,0x00,0x00}, {0x00,0x00,0x00}, {0x00,0x00,0x00}, {0x00,0x00,0x00}, {0x01,0x01,0x02}, {0x0E,0x0A,0x17}, {0x35,0x35,0x4D}, {0x2F,0x33,0x40}, {0x08,0x08,0x0B}, {0x00,0x00,0x00}, {0x00,0x00,0x00}, {0x00,0x00,0x00}, {0x00,0x00,0x00}, {0x00,0x00,0x00}, {0x00,0x00,0x00}, {0x00,0x00,0x00}, {0x00,0x00,0x00}, {0x00,0x00,0x00}},
		{{0x00,0x00,0x00}, {0x00,0x00,0x00}, {0x00,0x00,0x00}, {0x00,0x00,0x00}, {0x00,0x00,0x00}, {0x00,0x00,0x00}, {0x03,0x04,0x04}, {0x00,0x00,0x00}, {0x00,0x00,0x00}, {0x00,0x00,0x00}, {0x00,0x00,0x00}, {0x00,0x00,0x00}, {0x00,0x00,0x00}, {0x00,0x00,0x00}, {0x00,0x00,0x00}, {0x00,0x00,0x00}, {0x00,0x00,0x00}, {0x00,0x00,0x00}, {0x00,0x00,0x00}, {0x00,0x00,0x00}, {0x00,0x00,0x00}, {0x00,0x00,0x00}, {0x00,0x00,0x00}, {0x00,0x00,0x00}, {0x0C,0x0C,0x0F}, {0x04,0x04,0x06}, {0x00,0x00,0x00}, {0x00,0x00,0x00}, {0x00,0x00,0x00}, {0x00,0x00,0x00}, {0x00,0x00,0x00}, {0x00,0x00,0x00}, {0x00,0x00,0x00}, {0x00,0x00,0x00}, {0x00,0x00,0x00}, {0x00,0x00,0x00}},
	},
    {
		{{0x00,0x00,0x00}, {0x00,0x00,0x00}, {0x00,0x00,0x00}, {0x00,0x00,0x00}, {0x00,0x00,0x00}, {0x00,0x00,0x00}, {0x00,0x00,0x00}, {0x00,0x00,0x00}, {0x00,0x00,0x00}, {0x00,0x00,0x00}, {0x00,0x00,0x00}, {0x00,0x00,0x00}, {0x00,0x00,0x00}, {0x00,0x00,0x00}, {0x00,0x00,0x00}, {0x00,0x00,0x00}, {0x00,0x00,0x00}, {0x00,0x00,0x00}, {0x00,0x00,0x00}, {0x00,0x00,0x00}, {0x00,0x00,0x00}, {0x00,0x00,0x00}, {0x00,0x00,0x00}, {0x00,0x00,0x00}, {0x00,0x00,0x00}, {0x00,0x00,0x00}, {0x00,0x00,0x00}, {0x00,0x00,0x00}, {0x00,0x00,0x00}, {0x00,0x00,0x00}, {0x00,0x00,0x00}, {0x00,0x00,0x00}, {0x00,0x00,0x00}, {0x00,0x00,0x00}, {0x00,0x00,0x00}, {0x00,0x00,0x00}},
		{{0x00,0x00,0x00}, {0x00,0x00,0x00}, {0x00,0x00,0x00}, {0x00,0x00,0x00}, {0x00,0x00,0x00}, {0x00,0x00,0x00}, {0x00,0x00,0x00}, {0x00,0x00,0x00}, {0x00,0x00,0x00}, {0x00,0x00,0x00}, {0x00,0x00,0x00}, {0x00,0x00,0x00}, {0x00,0x00,0x00}, {0x00,0x00,0x00}, {0x00,0x00,0x00}, {0x00,0x00,0x00}, {0x00,0x00,0x00}, {0x00,0x00,0x00}, {0x00,0x00,0x00}, {0x00,0x00,0x00}, {0x00,0x00,0x00}, {0x00,0x00,0x00}, {0x00,0x00,0x00}, {0x00,0x00,0x00}, {0x00,0x00,0x00}, {0x00,0x00,0x00}, {0x00,0x00,0x00}, {0x00,0x00,0x00}, {0x00,0x00,0x00}, {0x00,0x00,0x00}, {0x00,0x00,0x00}, {0x00,0x00,0x00}, {0x00,0x00,0x00}, {0x00,0x00,0x00}, {0x00,0x00,0x00}, {0x00,0x00,0x00}},
		{{0x00,0x00,0x00}, {0x00,0x00,0x00}, {0x00,0x00,0x00}, {0x00,0x00,0x00}, {0x00,0x00,0x00}, {0x00,0x00,0x00}, {0x00,0x00,0x00}, {0x00,0x00,0x00}, {0x00,0x00,0x00}, {0x00,0x00,0x00}, {0x00,0x00,0x00}, {0x00,0x00,0x00}, {0x00,0x00,0x00}, {0x00,0x00,0x00}, {0x00,0x00,0x00}, {0x00,0x00,0x00}, {0x00,0x00,0x00}, {0x00,0x00,0x00}, {0x00,0x00,0x00}, {0x00,0x00,0x00}, {0x00,0x00,0x00}, {0x00,0x00,0x00}, {0x00,0x00,0x00}, {0x00,0x00,0x00}, {0x00,0x00,0x00}, {0x00,0x00,0x00}, {0x00,0x00,0x00}, {0x00,0x00,0x00}, {0x00,0x00,0x00}, {0x00,0x00,0x00}, {0x00,0x00,0x00}, {0x00,0x00,0x00}, {0x00,0x00,0x00}, {0x00,0x00,0x00}, {0x00,0x00,0x00}, {0x00,0x00,0x00}},
		{{0x00,0x00,0x00}, {0x00,0x00,0x00}, {0x00,0x00,0x00}, {0x00,0x00,0x00}, {0x00,0x00,0x00}, {0x00,0x00,0x00}, {0x00,0x00,0x00}, {0x00,0x00,0x00}, {0x00,0x00,0x00}, {0x00,0x00,0x00}, {0x00,0x00,0x00}, {0x00,0x00,0x00}, {0x00,0x00,0x00}, {0x00,0x00,0x00}, {0x00,0x00,0x00}, {0x00,0x00,0x00}, {0x00,0x00,0x00}, {0x00,0x00,0x00}, {0x00,0x00,0x00}, {0x00,0x00,0x00}, {0x00,0x00,0x00}, {0x00,0x00,0x00}, {0x00,0x00,0x00}, {0x00,0x00,0x00}, {0x00,0x00,0x00}, {0x00,0x00,0x00}, {0x00,0x00,0x00}, {0x00,0x00,0x00}, {0x00,0x00,0x00}, {0x00,0x00,0x00}, {0x00,0x00,0x00}, {0x00,0x00,0x00}, {0x00,0x00,0x00}, {0x00,0x00,0x00}, {0x00,0x00,0x00}, {0x00,0x00,0x00}},
		{{0x00,0x00,0x00}, {0x00,0x00,0x00}, {0x00,0x00,0x00}, {0x00,0x00,0x00}, {0x00,0x00,0x00}, {0x00,0x00,0x00}, {0x00,0x00,0x00}, {0x00,0x00,0x00}, {0x00,0x00,0x00}, {0x00,0x00,0x00}, {0x07,0x06,0x08}, {0x13,0x14,0x18}, {0x16,0x18,0x1C}, {0x08,0x07,0x0A}, {0x03,0x02,0x03}, {0x03,0x03,0x03}, {0x00,0x00,0x00}, {0x00,0x00,0x00}, {0x00,0x00,0x00}, {0x00,0x00,0x00}, {0x00,0x00,0x00}, {0x00,0x00,0x00}, {0x00,0x00,0x00}, {0x00,0x00,0x00}, {0x00,0x00,0x00}, {0x00,0x00,0x00}, {0x00,0x00,0x00}, {0x00,0x00,0x00}, {0x00,0x00,0x00}, {0x00,0x00,0x00}, {0x00,0x00,0x00}, {0x00,0x00,0x00}, {0x00,0x00,0x00}, {0x00,0x00,0x00}, {0x00,0x00,0x00}, {0x00,0x00,0x00}},
		{{0x00,0x00,0x00}, {0x00,0x00,0x00}, {0x00,0x00,0x00}, {0x00,0x00,0x00}, {0x00,0x00,0x00}, {0x00,0x00,0x00}, {0x00,0x00,0x00}, {0x00,0x00,0x00}, {0x00,0x00,0x00}, {0x00,0x00,0x00}, {0x00,0x00,0x00}, {0x0D,0x0E,0x10}, {0x4B,0x60,0x62}, {0x69,0x85,0x8A}, {0x54,0x67,0x71}, {0x48,0x56,0x60}, {0x33,0x3E,0x45}, {0x1D,0x21,0x29}, {0x07,0x07,0x0A}, {0x08,0x08,0x0B}, {0x00,0x00,0x00}, {0x00,0x00,0x00}, {0x00,0x00,0x00}, {0x00,0x00,0x00}, {0x10,0x0F,0x11}, {0x02,0x02,0x02}, {0x00,0x00,0x00}, {0x00,0x00,0x00}, {0x00,0x00,0x00}, {0x00,0x00,0x00}, {0x00,0x00,0x00}, {0x00,0x00,0x00}, {0x00,0x00,0x00}, {0x00,0x00,0x00}, {0x00,0x00,0x00}, {0x00,0x00,0x00}},
		{{0x00,0x00,0x00}, {0x00,0x00,0x00}, {0x00,0x00,0x00}, {0x00,0x00,0x00}, {0x00,0x00,0x00}, {0x00,0x00,0x00}, {0x03,0x03,0x04}, {0x12,0x11,0x16}, {0x10,0x10,0x16}, {0x3A,0x49,0x4F}, {0x4A,0x5D,0x61}, {0x4A,0x5D,0x62}, {0x5E,0x78,0x7D}, {0x78,0x9A,0x9E}, {0x74,0x95,0x9B}, {0x74,0x91,0x9C}, {0x67,0x80,0x8B}, {0x6E,0x8A,0x95}, {0x55,0x69,0x74}, {0x4C,0x5B,0x67}, {0x2E,0x35,0x42}, {0x03,0x03,0x05}, {0x04,0x04,0x04}, {0x59,0x57,0x56}, {0x35,0x34,0x35}, {0x04,0x03,0x04}, {0x00,0x00,0x00}, {0x00,0x00,0x00}, {0x00,0x00,0x00}, {0x00,0x00,0x00}, {0x00,0x00,0x00}, {0x00,0x00,0x00}, {0x00,0x00,0x00}, {0x00,0x00,0x00}, {0x00,0x00,0x00}, {0x00,0x00,0x00}},
		{{0x00,0x00,0x00}, {0x00,0x00,0x00}, {0x00,0x00,0x00}, {0x00,0x00,0x00}, {0x00,0x00,0x00}, {0x00,0x00,0x00}, {0x00,0x00,0x00}, {0x00,0x00,0x00}, {0x00,0x01,0x00}, {0x23,0x2E,0x2C}, {0x92,0xC1,0xBB}, {0xAA,0xE3,0xDB}, {0xAC,0xE6,0xDE}, {0xB0,0xEA,0xE4}, {0xB5,0xF0,0xEA}, {0xA8,0xDE,0xDB}, {0x64,0x76,0x8D}, {0x4F,0x58,0x73}, {0x48,0x4D,0x6A}, {0x33,0x2F,0x50}, {0x32,0x2A,0x52}, {0x1F,0x17,0x36}, {0x0E,0x0E,0x0E}, {0x87,0x85,0x82}, {0x0C,0x0C,0x0D}, {0x08,0x08,0x09}, {0x00,0x00,0x00}, {0x00,0x00,0x00}, {0x00,0x00,0x00}, {0x00,0x00,0x00}, {0x00,0x00,0x00}, {0x00,0x00,0x00}, {0x00,0x00,0x00}, {0x00,0x00,0x00}, {0x00,0x00,0x00}, {0x00,0x00,0x00}},
		{{0x00,0x00,0x00}, {0x00,0x00,0x00}, {0x04,0x05,0x05}, {0x15,0x1A,0x1B}, {0x12,0x10,0x1C}, {0x13,0x0D,0x1F}, {0x19,0x13,0x27}, {0x18,0x11,0x26}, {0x1A,0x13,0x29}, {0x0F,0x08,0x1A}, {0x4F,0x5E,0x6B}, {0x90,0xB9,0xBE}, {0x97,0xC7,0xC4}, {0xA9,0xE2,0xDA}, {0xB4,0xF2,0xE8}, {0xBD,0xFE,0xF3}, {0x62,0x71,0x8C}, {0x34,0x29,0x58}, {0x74,0x8F,0x9E}, {0x7F,0x9F,0xAC}, {0x4D,0x5C,0x6C}, {0x0E,0x0D,0x15}, {0x00,0x00,0x00}, {0x48,0x47,0x43}, {0xB3,0xB1,0xA9}, {0x2E,0x2D,0x2E}, {0x00,0x00,0x00}, {0x00,0x00,0x00}, {0x00,0x00,0x00}, {0x00,0x00,0x00}, {0x00,0x00,0x00}, {0x00,0x00,0x00}, {0x00,0x00,0x00}, {0x00,0x00,0x00}, {0x00,0x00,0x00}, {0x00,0x00,0x00}},
		{{0x00,0x00,0x00}, {0x00,0x00,0x00}, {0x21,0x28,0x28}, {0x3F,0x4F,0x50}, {0x1D,0x1B,0x2C}, {0x15,0x0F,0x25}, {0x17,0x11,0x27}, {0x1C,0x14,0x30}, {0x23,0x19,0x3C}, {0x29,0x1D,0x48}, {0x37,0x2C,0x5C}, {0x43,0x3A,0x6E}, {0x43,0x39,0x6E}, {0x4A,0x4A,0x71}, {0x6A,0x7E,0x94}, {0x80,0x9E,0xAD}, {0x90,0xBA,0xBD}, {0x42,0x3D,0x68}, {0x52,0x55,0x7C}, {0x89,0xB4,0xB4}, {0x14,0x19,0x1C}, {0x08,0x06,0x0E}, {0x14,0x0F,0x22}, {0x1F,0x17,0x37}, {0x66,0x5A,0x7B}, {0x4C,0x45,0x66}, {0x1D,0x1D,0x2E}, {0x05,0x04,0x07}, {0x00,0x00,0x00}, {0x00,0x00,0x00}, {0x00,0x00,0x00}, {0x00,0x00,0x00}, {0x00,0x00,0x00}, {0x00,0x00,0x00}, {0x00,0x00,0x00}, {0x00,0x00,0x00}},
		{{0x00,0x00,0x00}, {0x00,0x00,0x00}, {0x00,0x00,0x00}, {0x00,0x00,0x00}, {0x00,0x00,0x00}, {0x00,0x00,0x00}, {0x00,0x00,0x00}, {0x00,0x00,0x00}, {0x00,0x00,0x00}, {0x00,0x00,0x00}, {0x0A,0x0C,0x0D}, {0x27,0x30,0x34}, {0x51,0x5F,0x72}, {0x37,0x26,0x60}, {0x48,0x3F,0x76}, {0x49,0x41,0x75}, {0x42,0x37,0x6D}, {0x3D,0x31,0x67}, {0x3A,0x28,0x67}, {0x3F,0x34,0x68}, {0x2C,0x1F,0x4C}, {0x43,0x3A,0x6E}, {0x54,0x50,0x85}, {0x5E,0x5F,0x8F}, {0x54,0x5B,0x7F}, {0x32,0x2B,0x55}, {0x37,0x2F,0x5B}, {0x22,0x1A,0x38}, {0x01,0x01,0x01}, {0x00,0x00,0x00}, {0x00,0x00,0x00}, {0x00,0x00,0x00}, {0x00,0x00,0x00}, {0x00,0x00,0x00}, {0x00,0x00,0x00}, {0x00,0x00,0x00}},
		{{0x00,0x00,0x00}, {0x00,0x00,0x00}, {0x00,0x00,0x00}, {0x00,0x00,0x00}, {0x00,0x00,0x00}, {0x00,0x00,0x00}, {0x00,0x00,0x00}, {0x00,0x00,0x00}, {0x00,0x00,0x00}, {0x05,0x07,0x05}, {0x34,0x30,0x50}, {0x28,0x1F,0x42}, {0x2B,0x22,0x47}, {0x43,0x39,0x6F}, {0x2A,0x24,0x43}, {0x4A,0x57,0x66}, {0x4A,0x4B,0x70}, {0x43,0x36,0x71}, {0x39,0x28,0x64}, {0x3F,0x32,0x6B}, {0x42,0x38,0x6D}, {0x53,0x59,0x7C}, {0x53,0x65,0x71}, {0x32,0x3F,0x44}, {0x14,0x1A,0x1A}, {0x05,0x06,0x06}, {0x04,0x02,0x06}, {0x04,0x03,0x05}, {0x00,0x00,0x00}, {0x00,0x00,0x00}, {0x00,0x00,0x00}, {0x00,0x00,0x00}, {0x00,0x00,0x00}, {0x00,0x00,0x00}, {0x00,0x00,0x00}, {0x00,0x00,0x00}},
		{{0x00,0x00,0x00}, {0x00,0x00,0x00}, {0x00,0x00,0x00}, {0x00,0x00,0x00}, {0x00,0x00,0x00}, {0x00,0x00,0x00}, {0x05,0x04,0x04}, {0x1B,0x1A,0x1C}, {0x24,0x27,0x29}, {0x3E,0x46,0x57}, {0x2A,0x23,0x45}, {0x23,0x1C,0x3A}, {0x3A,0x33,0x5C}, {0x19,0x16,0x27}, {0x00,0x00,0x00}, {0x00,0x00,0x00}, {0x0E,0x13,0x11}, {0x3D,0x4A,0x53}, {0x56,0x64,0x79}, {0x4A,0x52,0x6C}, {0x3B,0x31,0x62}, {0x3B,0x33,0x60}, {0x19,0x14,0x29}, {0x00,0x00,0x00}, {0x00,0x00,0x00}, {0x00,0x00,0x00}, {0x00,0x00,0x00}, {0x00,0x00,0x00}, {0x00,0x00,0x00}, {0x00,0x00,0x00}, {0x00,0x00,0x00}, {0x00,0x00,0x00}, {0x00,0x00,0x00}, {0x00,0x00,0x00}, {0x00,0x00,0x00}, {0x00,0x00,0x00}},
		{{0x00,0x00,0x00}, {0x00,0x00,0x00}, {0x00,0x00,0x00}, {0x00,0x00,0x00}, {0x00,0x00,0x00}, {0x00,0x00,0x00}, {0x24,0x23,0x29}, {0x46,0x49,0x56}, {0x52,0x55,0x72}, {0x29,0x27,0x41}, {0x00,0x00,0x00}, {0x00,0x00,0x00}, {0x00,0x00,0x00}, {0x00,0x00,0x00}, {0x00,0x00,0x00}, {0x00,0x00,0x00}, {0x00,0x00,0x00}, {0x00,0x00,0x00}, {0x01,0x03,0x01}, {0x09,0x09,0x0E}, {0x2B,0x1E,0x4B}, {0x21,0x19,0x38}, {0x23,0x1B,0x3D}, {0x28,0x1D,0x46}, {0x19,0x13,0x29}, {0x11,0x0F,0x1A}, {0x1D,0x1A,0x24}, {0x0C,0x0C,0x0D}, {0x00,0x00,0x00}, {0x00,0x00,0x00}, {0x00,0x00,0x00}, {0x00,0x00,0x00}, {0x00,0x00,0x00}, {0x00,0x00,0x00}, {0x00,0x00,0x00}, {0x00,0x00,0x00}},
		{{0x00,0x00,0x00}, {0x00,0x00,0x00}, {0x00,0x00,0x00}, {0x00,0x00,0x00}, {0x00,0x00,0x00}, {0x00,0x00,0x00}, {0x18,0x18,0x1C}, {0x36,0x39,0x4D}, {0x1C,0x19,0x2C}, {0x00,0x00,0x00}, {0x00,0x00,0x00}, {0x00,0x00,0x00}, {0x00,0x00,0x00}, {0x00,0x00,0x00}, {0x00,0x00,0x00}, {0x00,0x00,0x00}, {0x00,0x00,0x00}, {0x00,0x00,0x00}, {0x00,0x00,0x00}, {0x00,0x00,0x00}, {0x0B,0x09,0x12}, {0x2A,0x1F,0x48}, {0x06,0x05,0x0A}, {0x08,0x06,0x0E}, {0x1F,0x1C,0x2E}, {0x32,0x34,0x49}, {0x2D,0x2D,0x3E}, {0x10,0x0F,0x12}, {0x00,0x00,0x00}, {0x00,0x00,0x00}, {0x00,0x00,0x00}, {0x00,0x00,0x00}, {0x00,0x00,0x00}, {0x00,0x00,0x00}, {0x00,0x00,0x00}, {0x00,0x00,0x00}},
		{{0x00,0x00,0x00}, {0x00,0x00,0x00}, {0x00,0x00,0x00}, {0x00,0x00,0x00}, {0x00,0x00,0x00}, {0x00,0x00,0x00}, {0x00,0x00,0x00}, {0x00,0x00,0x00}, {0x00,0x00,0x00}, {0x00,0x00,0x00}, {0x00,0x00,0x00}, {0x00,0x00,0x00}, {0x00,0x00,0x00}, {0x00,0x00,0x00}, {0x00,0x00,0x00}, {0x00,0x00,0x00}, {0x00,0x00,0x00}, {0x00,0x00,0x00}, {0x00,0x00,0x00}, {0x00,0x00,0x00}, {0x00,0x00,0x00}, {0x16,0x12,0x22}, {0x2A,0x25,0x43}, {0x1B,0x18,0x26}, {0x12,0x13,0x15}, {0x00,0x00,0x00}, {0x00,0x00,0x00}, {0x00,0x00,0x00}, {0x00,0x00,0x00}, {0x00,0x00,0x00}, {0x00,0x00,0x00}, {0x00,0x00,0x00}, {0x00,0x00,0x00}, {0x00,0x00,0x00}, {0x00,0x00,0x00}, {0x00,0x00,0x00}},
	},
	{
		{{0x00,0x00,0x00}, {0x00,0x00,0x00}, {0x00,0x00,0x00}, {0x00,0x00,0x00}, {0x00,0x00,0x00}, {0x00,0x00,0x00}, {0x00,0x00,0x00}, {0x00,0x00,0x00}, {0x00,0x00,0x00}, {0x00,0x00,0x00}, {0x00,0x00,0x00}, {0x00,0x00,0x00}, {0x00,0x00,0x00}, {0x00,0x00,0x00}, {0x00,0x00,0x00}, {0x00,0x00,0x00}, {0x00,0x00,0x00}, {0x00,0x00,0x00}, {0x00,0x00,0x00}, {0x00,0x00,0x00}, {0x00,0x00,0x00}, {0x00,0x00,0x00}, {0x00,0x00,0x00}, {0x00,0x00,0x00}, {0x00,0x00,0x00}, {0x00,0x00,0x00}, {0x00,0x00,0x00}, {0x00,0x00,0x00}, {0x00,0x00,0x00}, {0x00,0x00,0x00}, {0x00,0x00,0x00}, {0x00,0x00,0x00}, {0x00,0x00,0x00}, {0x00,0x00,0x00}, {0x00,0x00,0x00}, {0x00,0x00,0x00}},
		{{0x00,0x00,0x00}, {0x00,0x00,0x00}, {0x00,0x00,0x00}, {0x00,0x00,0x00}, {0x00,0x00,0x00}, {0x00,0x00,0x00}, {0x00,0x00,0x00}, {0x00,0x00,0x00}, {0x00,0x00,0x00}, {0x00,0x00,0x00}, {0x00,0x00,0x00}, {0x00,0x00,0x00}, {0x00,0x00,0x00}, {0x00,0x00,0x00}, {0x00,0x00,0x00}, {0x00,0x00,0x00}, {0x00,0x00,0x00}, {0x00,0x00,0x00}, {0x00,0x00,0x00}, {0x00,0x00,0x00}, {0x00,0x00,0x00}, {0x00,0x00,0x00}, {0x00,0x00,0x00}, {0x00,0x00,0x00}, {0x00,0x00,0x00}, {0x00,0x00,0x00}, {0x00,0x00,0x00}, {0x00,0x00,0x00}, {0x00,0x00,0x00}, {0x00,0x00,0x00}, {0x00,0x00,0x00}, {0x00,0x00,0x00}, {0x00,0x00,0x00}, {0x00,0x00,0x00}, {0x00,0x00,0x00}, {0x00,0x00,0x00}},
		{{0x00,0x00,0x00}, {0x00,0x00,0x00}, {0x00,0x00,0x00}, {0x00,0x00,0x00}, {0x00,0x00,0x00}, {0x00,0x00,0x00}, {0x00,0x00,0x00}, {0x00,0x00,0x00}, {0x00,0x00,0x00}, {0x00,0x00,0x00}, {0x00,0x00,0x00}, {0x00,0x00,0x00}, {0x01,0x01,0x01}, {0x01,0x01,0x01}, {0x00,0x00,0x00}, {0x00,0x00,0x00}, {0x00,0x00,0x00}, {0x00,0x00,0x00}, {0x00,0x00,0x00}, {0x00,0x00,0x00}, {0x00,0x00,0x00}, {0x00,0x00,0x00}, {0x00,0x00,0x00}, {0x00,0x00,0x00}, {0x00,0x00,0x00}, {0x00,0x00,0x00}, {0x00,0x00,0x00}, {0x00,0x00,0x00}, {0x00,0x00,0x00}, {0x00,0x00,0x00}, {0x00,0x00,0x00}, {0x00,0x00,0x00}, {0x00,0x00,0x00}, {0x00,0x00,0x00}, {0x00,0x00,0x00}, {0x00,0x00,0x00}},
		{{0x00,0x00,0x00}, {0x00,0x00,0x00}, {0x00,0x00,0x00}, {0x00,0x00,0x00}, {0x00,0x00,0x00}, {0x00,0x00,0x00}, {0x02,0x02,0x02}, {0x06,0x06,0x07}, {0x06,0x07,0x08}, {0x09,0x0A,0x0B}, {0x03,0x02,0x03}, {0x00,0x00,0x00}, {0x03,0x02,0x02}, {0x10,0x10,0x13}, {0x1F,0x23,0x29}, {0x06,0x05,0x09}, {0x00,0x00,0x00}, {0x00,0x00,0x00}, {0x02,0x01,0x01}, {0x00,0x00,0x00}, {0x00,0x00,0x00}, {0x00,0x00,0x00}, {0x00,0x00,0x00}, {0x00,0x00,0x00}, {0x00,0x00,0x00}, {0x00,0x00,0x00}, {0x00,0x00,0x00}, {0x00,0x00,0x00}, {0x00,0x00,0x00}, {0x00,0x00,0x00}, {0x00,0x00,0x00}, {0x00,0x00,0x00}, {0x00,0x00,0x00}, {0x00,0x00,0x00}, {0x00,0x00,0x00}, {0x00,0x00,0x00}},
		{{0x00,0x00,0x00}, {0x00,0x00,0x00}, {0x00,0x00,0x00}, {0x00,0x00,0x00}, {0x00,0x00,0x00}, {0x00,0x00,0x00}, {0x04,0x04,0x04}, {0x0D,0x0C,0x0F}, {0x0F,0x10,0x12}, {0x2F,0x38,0x3B}, {0x66,0x81,0x85}, {0x5D,0x74,0x7A}, {0x3A,0x44,0x4C}, {0x23,0x27,0x2F}, {0x46,0x56,0x5D}, {0x73,0x94,0x98}, {0x4E,0x60,0x6B}, {0x2C,0x32,0x3C}, {0x27,0x2D,0x32}, {0x29,0x30,0x35}, {0x02,0x01,0x03}, {0x00,0x00,0x00}, {0x00,0x00,0x00}, {0x00,0x00,0x00}, {0x00,0x00,0x00}, {0x00,0x00,0x00}, {0x00,0x00,0x00}, {0x00,0x00,0x00}, {0x00,0x00,0x00}, {0x00,0x00,0x00}, {0x00,0x00,0x00}, {0x00,0x00,0x00}, {0x00,0x00,0x00}, {0x00,0x00,0x00}, {0x00,0x00,0x00}, {0x00,0x00,0x00}},
		{{0x00,0x00,0x00}, {0x00,0x00,0x00}, {0x00,0x00,0x00}, {0x00,0x00,0x00}, {0x00,0x00,0x00}, {0x00,0x00,0x00}, {0x00,0x00,0x00}, {0x00,0x00,0x00}, {0x00,0x00,0x00}, {0x02,0x02,0x02}, {0x62,0x80,0x7E}, {0xA9,0xE0,0xDB}, {0xA4,0xD8,0xD5}, {0x9D,0xCD,0xCD}, {0x88,0xAE,0xB3}, {0x7B,0x9D,0xA4}, {0x7E,0xA1,0xA7}, {0x89,0xB1,0xB5}, {0x71,0x8E,0x97}, {0x66,0x7F,0x89}, {0x4C,0x5D,0x68}, {0x0F,0x10,0x14}, {0x00,0x00,0x00}, {0x00,0x00,0x00}, {0x00,0x00,0x00}, {0x00,0x00,0x00}, {0x00,0x00,0x00}, {0x00,0x00,0x00}, {0x00,0x00,0x00}, {0x00,0x00,0x00}, {0x00,0x00,0x00}, {0x00,0x00,0x00}, {0x00,0x00,0x00}, {0x00,0x00,0x00}, {0x00,0x00,0x00}, {0x00,0x00,0x00}},
		{{0x00,0x00,0x00}, {0x00,0x00,0x00}, {0x04,0x05,0x05}, {0x10,0x12,0x14}, {0x0B,0x09,0x0F}, {0x08,0x06,0x0D}, {0x08,0x06,0x0C}, {0x03,0x03,0x04}, {0x00,0x00,0x00}, {0x00,0x00,0x00}, {0x19,0x21,0x20}, {0x9B,0xCE,0xC9}, {0xA4,0xDA,0xD3}, {0xB5,0xF2,0xE9}, {0xBA,0xF8,0xEF}, {0xB9,0xF7,0xEF}, {0xAF,0xE8,0xE3}, {0x85,0xA9,0xB0}, {0x81,0xA4,0xAB}, {0x7E,0xA0,0xA8}, {0x72,0x8D,0x9B}, {0x56,0x69,0x74}, {0x43,0x49,0x51}, {0x24,0x22,0x24}, {0x00,0x00,0x00}, {0x00,0x00,0x00}, {0x00,0x00,0x00}, {0x00,0x00,0x00}, {0x00,0x00,0x00}, {0x00,0x00,0x00}, {0x00,0x00,0x00}, {0x00,0x00,0x00}, {0x00,0x00,0x00}, {0x00,0x00,0x00}, {0x00,0x00,0x00}, {0x00,0x00,0x00}},
		{{0x00,0x00,0x00}, {0x00,0x00,0x00}, {0x1E,0x23,0x25}, {0x3D,0x4B,0x4F}, {0x25,0x21,0x36}, {0x24,0x1B,0x3A}, {0x2C,0x21,0x47}, {0x2D,0x22,0x4A}, {0x28,0x1E,0x41}, {0x17,0x11,0x25}, {0x15,0x16,0x1C}, {0x9A,0xCD,0xC6}, {0xA9,0xE2,0xD9}, {0xA5,0xDC,0xD4}, {0xB3,0xEE,0xE7}, {0xBA,0xF8,0xF0}, {0xB9,0xF7,0xED}, {0x50,0x54,0x78}, {0x42,0x3C,0x69}, {0x50,0x57,0x75}, {0x57,0x64,0x7B}, {0x46,0x4B,0x64}, {0x3F,0x3F,0x60}, {0x03,0x02,0x08}, {0x00,0x00,0x00}, {0x00,0x00,0x00}, {0x00,0x00,0x00}, {0x00,0x00,0x00}, {0x00,0x00,0x00}, {0x00,0x00,0x00}, {0x00,0x00,0x00}, {0x00,0x00,0x00}, {0x00,0x00,0x00}, {0x00,0x00,0x00}, {0x00,0x00,0x00}, {0x00,0x00,0x00}},
		{{0x00,0x00,0x00}, {0x00,0x00,0x00}, {0x00,0x00,0x00}, {0x00,0x00,0x00}, {0x00,0x00,0x00}, {0x00,0x00,0x00}, {0x02,0x02,0x03}, {0x0A,0x09,0x0E}, {0x19,0x14,0x27}, {0x2B,0x1F,0x48}, {0x35,0x26,0x5C}, {0x4E,0x4E,0x77}, {0x74,0x8F,0x9F}, {0x9B,0xCB,0xC9}, {0xA4,0xDA,0xD4}, {0xAD,0xE7,0xDF}, {0xC3,0xFF,0xF9}, {0x6D,0x7F,0x9B}, {0x4B,0x49,0x73}, {0x73,0x8F,0x9D}, {0x59,0x62,0x81}, {0x42,0x40,0x65}, {0x2B,0x1C,0x4D}, {0x41,0x3D,0x48}, {0x46,0x46,0x45}, {0x03,0x03,0x04}, {0x00,0x00,0x00}, {0x00,0x00,0x00}, {0x00,0x00,0x00}, {0x00,0x00,0x00}, {0x00,0x00,0x00}, {0x00,0x00,0x00}, {0x00,0x00,0x00}, {0x00,0x00,0x00}, {0x00,0x00,0x00}, {0x00,0x00,0x00}},
		{{0x00,0x00,0x00}, {0x00,0x00,0x00}, {0x00,0x00,0x00}, {0x00,0x00,0x00}, {0x00,0x00,0x00}, {0x00,0x00,0x00}, {0x00,0x00,0x00}, {0x00,0x00,0x00}, {0x00,0x00,0x00}, {0x00,0x00,0x00}, {0x11,0x10,0x1A}, {0x41,0x43,0x60}, {0x4A,0x43,0x76}, {0x37,0x2A,0x5E}, {0x51,0x53,0x7B}, {0x5C,0x63,0x88}, {0x85,0xA8,0xB2}, {0x77,0x94,0xA1}, {0x32,0x1F,0x5C}, {0x73,0x8C,0x9D}, {0x50,0x69,0x69}, {0x1F,0x22,0x2C}, {0x0E,0x09,0x18}, {0x57,0x50,0x62}, {0x7F,0x75,0x8D}, {0x3A,0x34,0x5C}, {0x2B,0x2A,0x45}, {0x16,0x10,0x23}, {0x01,0x01,0x01}, {0x00,0x00,0x00}, {0x00,0x00,0x00}, {0x00,0x00,0x00}, {0x00,0x00,0x00}, {0x00,0x00,0x00}, {0x00,0x00,0x00}, {0x00,0x00,0x00}},
		{{0x00,0x00,0x00}, {0x00,0x00,0x00}, {0x00,0x00,0x00}, {0x00,0x00,0x00}, {0x00,0x00,0x00}, {0x00,0x00,0x00}, {0x00,0x00,0x00}, {0x00,0x00,0x00}, {0x01,0x01,0x01}, {0x05,0x07,0x05}, {0x27,0x27,0x39}, {0x1B,0x1A,0x2A}, {0x44,0x52,0x5C}, {0x41,0x38,0x6A}, {0x47,0x40,0x73}, {0x51,0x53,0x7B}, {0x41,0x36,0x6C}, {0x3B,0x30,0x64}, {0x3D,0x2D,0x6A}, {0x39,0x2B,0x62}, {0x24,0x19,0x3F}, {0x39,0x2C,0x61}, {0x42,0x38,0x6C}, {0x4E,0x49,0x7F}, {0x54,0x57,0x82}, {0x3A,0x33,0x60}, {0x33,0x2D,0x54}, {0x22,0x1A,0x38}, {0x02,0x02,0x03}, {0x00,0x00,0x00}, {0x00,0x00,0x00}, {0x00,0x00,0x00}, {0x00,0x00,0x00}, {0x00,0x00,0x00}, {0x00,0x00,0x00}, {0x00,0x00,0x00}},
		{{0x00,0x00,0x00}, {0x00,0x00,0x00}, {0x00,0x00,0x00}, {0x00,0x00,0x00}, {0x00,0x00,0x00}, {0x00,0x00,0x00}, {0x00,0x00,0x00}, {0x08,0x07,0x06}, {0x31,0x33,0x35}, {0x3A,0x3B,0x55}, {0x4D,0x4B,0x76}, {0x3B,0x2D,0x64}, {0x3B,0x2F,0x63}, {0x40,0x36,0x68}, {0x25,0x28,0x34}, {0x3B,0x4D,0x4C}, {0x57,0x63,0x7A}, {0x48,0x3F,0x75}, {0x38,0x29,0x60}, {0x44,0x3A,0x71}, {0x3C,0x35,0x62}, {0x69,0x75,0x98}, {0x5F,0x6C,0x89}, {0x58,0x6C,0x78}, {0x3A,0x4B,0x4C}, {0x0F,0x13,0x14}, {0x03,0x03,0x04}, {0x00,0x00,0x00}, {0x00,0x00,0x00}, {0x00,0x00,0x00}, {0x00,0x00,0x00}, {0x00,0x00,0x00}, {0x00,0x00,0x00}, {0x00,0x00,0x00}, {0x00,0x00,0x00}, {0x00,0x00,0x00}},
		{{0x00,0x00,0x00}, {0x00,0x00,0x00}, {0x00,0x00,0x00}, {0x00,0x00,0x00}, {0x00,0x00,0x00}, {0x00,0x00,0x00}, {0x27,0x27,0x2D}, {0x37,0x3A,0x42}, {0x46,0x46,0x60}, {0x30,0x2E,0x45}, {0x3E,0x3B,0x5E}, {0x18,0x12,0x25}, {0x25,0x1D,0x3C}, {0x18,0x15,0x25}, {0x00,0x00,0x00}, {0x00,0x00,0x00}, {0x0B,0x10,0x0E}, {0x4C,0x56,0x6A}, {0x4F,0x4F,0x78}, {0x40,0x36,0x6A}, {0x27,0x2A,0x37}, {0x21,0x2B,0x29}, {0x0A,0x0D,0x0D}, {0x00,0x00,0x00}, {0x00,0x00,0x00}, {0x00,0x00,0x00}, {0x00,0x00,0x00}, {0x00,0x00,0x00}, {0x00,0x00,0x00}, {0x00,0x00,0x00}, {0x00,0x00,0x00}, {0x00,0x00,0x00}, {0x00,0x00,0x00}, {0x00,0x00,0x00}, {0x00,0x00,0x00}, {0x00,0x00,0x00}},
		{{0x00,0x00,0x00}, {0x00,0x00,0x00}, {0x00,0x00,0x00}, {0x00,0x00,0x00}, {0x00,0x00,0x00}, {0x00,0x00,0x00}, {0x0A,0x0A,0x0C}, {0x20,0x22,0x2B}, {0x1C,0x1C,0x21}, {0x49,0x4D,0x60}, {0x1F,0x1A,0x31}, {0x00,0x00,0x00}, {0x00,0x00,0x00}, {0x00,0x00,0x00}, {0x00,0x00,0x00}, {0x00,0x00,0x00}, {0x02,0x01,0x02}, {0x2B,0x1E,0x4B}, {0x29,0x1E,0x44}, {0x3C,0x32,0x62}, {0x1D,0x16,0x31}, {0x00,0x00,0x00}, {0x00,0x00,0x00}, {0x00,0x00,0x00}, {0x00,0x00,0x00}, {0x00,0x00,0x00}, {0x00,0x00,0x00}, {0x00,0x00,0x00}, {0x00,0x00,0x00}, {0x00,0x00,0x00}, {0x00,0x00,0x00}, {0x00,0x00,0x00}, {0x00,0x00,0x00}, {0x00,0x00,0x00}, {0x00,0x00,0x00}, {0x00,0x00,0x00}},
		{{0x00,0x00,0x00}, {0x00,0x00,0x00}, {0x00,0x00,0x00}, {0x00,0x00,0x00}, {0x00,0x00,0x00}, {0x00,0x00,0x00}, {0x00,0x00,0x00}, {0x0D,0x0C,0x0C}, {0x38,0x3E,0x43}, {0x2E,0x31,0x41}, {0x04,0x03,0x06}, {0x00,0x00,0x00}, {0x00,0x00,0x00}, {0x00,0x00,0x00}, {0x00,0x00,0x00}, {0x00,0x00,0x00}, {0x11,0x0E,0x19}, {0x2E,0x22,0x4C}, {0x02,0x02,0x02}, {0x0C,0x0A,0x13}, {0x28,0x1E,0x46}, {0x28,0x1E,0x43}, {0x0E,0x0C,0x16}, {0x01,0x01,0x02}, {0x01,0x01,0x00}, {0x00,0x00,0x00}, {0x00,0x00,0x00}, {0x00,0x00,0x00}, {0x00,0x00,0x00}, {0x00,0x00,0x00}, {0x00,0x00,0x00}, {0x00,0x00,0x00}, {0x00,0x00,0x00}, {0x00,0x00,0x00}, {0x00,0x00,0x00}, {0x00,0x00,0x00}},
		{{0x00,0x00,0x00}, {0x00,0x00,0x00}, {0x00,0x00,0x00}, {0x00,0x00,0x00}, {0x00,0x00,0x00}, {0x00,0x00,0x00}, {0x00,0x00,0x00}, {0x00,0x00,0x00}, {0x00,0x00,0x00}, {0x00,0x00,0x00}, {0x00,0x00,0x00}, {0x00,0x00,0x00}, {0x00,0x00,0x00}, {0x00,0x00,0x00}, {0x00,0x00,0x00}, {0x00,0x00,0x00}, {0x12,0x10,0x19}, {0x34,0x2F,0x51}, {0x1C,0x19,0x25}, {0x13,0x13,0x14}, {0x00,0x00,0x00}, {0x12,0x0E,0x1D}, {0x2F,0x2E,0x4A}, {0x30,0x33,0x45}, {0x19,0x1A,0x20}, {0x01,0x01,0x01}, {0x00,0x00,0x00}, {0x00,0x00,0x00}, {0x00,0x00,0x00}, {0x00,0x00,0x00}, {0x00,0x00,0x00}, {0x00,0x00,0x00}, {0x00,0x00,0x00}, {0x00,0x00,0x00}, {0x00,0x00,0x00}, {0x00,0x00,0x00}},
	},
	{
		{{0x00,0x00,0x00}, {0x00,0x00,0x00}, {0x00,0x00,0x00}, {0x00,0x00,0x00}, {0x00,0x00,0x00}, {0x00,0x00,0x00}, {0x00,0x00,0x00}, {0x00,0x00,0x00}, {0x00,0x00,0x00}, {0x00,0x00,0x00}, {0x00,0x00,0x00}, {0x00,0x00,0x00}, {0x00,0x00,0x00}, {0x00,0x00,0x00}, {0x00,0x00,0x00}, {0x00,0x00,0x00}, {0x00,0x00,0x00}, {0x00,0x00,0x00}, {0x00,0x00,0x00}, {0x00,0x00,0x00}, {0x00,0x00,0x00}, {0x00,0x00,0x00}, {0x00,0x00,0x00}, {0x00,0x00,0x00}, {0x00,0x00,0x00}, {0x00,0x00,0x00}, {0x00,0x00,0x00}, {0x00,0x00,0x00}, {0x00,0x00,0x00}, {0x00,0x00,0x00}, {0x00,0x00,0x00}, {0x00,0x00,0x00}, {0x00,0x00,0x00}, {0x00,0x00,0x00}, {0x00,0x00,0x00}, {0x00,0x00,0x00}},
		{{0x00,0x00,0x00}, {0x00,0x00,0x00}, {0x00,0x00,0x00}, {0x00,0x00,0x00}, {0x00,0x00,0x00}, {0x00,0x00,0x00}, {0x00,0x00,0x00}, {0x00,0x00,0x00}, {0x00,0x00,0x00}, {0x00,0x00,0x00}, {0x00,0x00,0x00}, {0x00,0x00,0x00}, {0x00,0x00,0x00}, {0x00,0x00,0x00}, {0x00,0x00,0x00}, {0x00,0x00,0x00}, {0x00,0x00,0x00}, {0x00,0x00,0x00}, {0x00,0x00,0x00}, {0x00,0x00,0x00}, {0x00,0x00,0x00}, {0x00,0x00,0x00}, {0x00,0x00,0x00}, {0x00,0x00,0x00}, {0x00,0x00,0x00}, {0x00,0x00,0x00}, {0x00,0x00,0x00}, {0x00,0x00,0x00}, {0x00,0x00,0x00}, {0x00,0x00,0x00}, {0x00,0x00,0x00}, {0x00,0x00,0x00}, {0x00,0x00,0x00}, {0x00,0x00,0x00}, {0x00,0x00,0x00}, {0x00,0x00,0x00}},
		{{0x00,0x00,0x00}, {0x00,0x00,0x00}, {0x00,0x00,0x00}, {0x00,0x00,0x00}, {0x00,0x00,0x00}, {0x00,0x00,0x00}, {0x00,0x00,0x00}, {0x00,0x00,0x00}, {0x00,0x00,0x00}, {0x00,0x00,0x00}, {0x00,0x00,0x00}, {0x00,0x00,0x00}, {0x00,0x00,0x00}, {0x02,0x02,0x03}, {0x00,0x00,0x00}, {0x00,0x00,0x00}, {0x00,0x00,0x00}, {0x00,0x00,0x00}, {0x00,0x00,0x00}, {0x00,0x00,0x00}, {0x00,0x00,0x00}, {0x00,0x00,0x00}, {0x00,0x00,0x00}, {0x00,0x00,0x00}, {0x00,0x00,0x00}, {0x00,0x00,0x00}, {0x00,0x00,0x00}, {0x00,0x00,0x00}, {0x00,0x00,0x00}, {0x00,0x00,0x00}, {0x00,0x00,0x00}, {0x00,0x00,0x00}, {0x00,0x00,0x00}, {0x00,0x00,0x00}, {0x00,0x00,0x00}, {0x00,0x00,0x00}},
		{{0x00,0x00,0x00}, {0x00,0x00,0x00}, {0x00,0x00,0x00}, {0x00,0x00,0x00}, {0x00,0x00,0x00}, {0x00,0x00,0x00}, {0x00,0x00,0x00}, {0x06,0x06,0x06}, {0x11,0x10,0x15}, {0x1F,0x23,0x2C}, {0x1A,0x1E,0x23}, {0x0B,0x0C,0x10}, {0x06,0x06,0x09}, {0x0E,0x0D,0x0F}, {0x17,0x19,0x1E}, {0x0D,0x0D,0x12}, {0x00,0x00,0x00}, {0x00,0x00,0x00}, {0x01,0x01,0x01}, {0x00,0x00,0x00}, {0x00,0x00,0x00}, {0x00,0x00,0x00}, {0x00,0x00,0x00}, {0x00,0x00,0x00}, {0x00,0x00,0x00}, {0x00,0x00,0x00}, {0x00,0x00,0x00}, {0x00,0x00,0x00}, {0x00,0x00,0x00}, {0x00,0x00,0x00}, {0x00,0x00,0x00}, {0x00,0x00,0x00}, {0x00,0x00,0x00}, {0x00,0x00,0x00}, {0x00,0x00,0x00}, {0x00,0x00,0x00}},
		{{0x00,0x00,0x00}, {0x00,0x00,0x00}, {0x00,0x00,0x00}, {0x00,0x00,0x00}, {0x00,0x00,0x00}, {0x00,0x00,0x00}, {0x00,0x00,0x00}, {0x01,0x01,0x01}, {0x04,0x04,0x05}, {0x30,0x3C,0x3E}, {0xA3,0xD5,0xD3}, {0xA0,0xD2,0xD0}, {0x7E,0xA3,0xA8}, {0x5A,0x71,0x79}, {0x3C,0x48,0x50}, {0x5B,0x72,0x78}, {0x4A,0x5B,0x65}, {0x17,0x18,0x23}, {0x0C,0x0C,0x10}, {0x10,0x10,0x15}, {0x00,0x00,0x00}, {0x00,0x00,0x00}, {0x00,0x00,0x00}, {0x00,0x00,0x00}, {0x00,0x00,0x00}, {0x00,0x00,0x00}, {0x00,0x00,0x00}, {0x00,0x00,0x00}, {0x00,0x00,0x00}, {0x00,0x00,0x00}, {0x00,0x00,0x00}, {0x00,0x00,0x00}, {0x00,0x00,0x00}, {0x00,0x00,0x00}, {0x00,0x00,0x00}, {0x00,0x00,0x00}},
		{{0x00,0x00,0x00}, {0x00,0x00,0x00}, {0x00,0x00,0x00}, {0x00,0x00,0x00}, {0x00,0x00,0x00}, {0x00,0x00,0x00}, {0x00,0x00,0x00}, {0x00,0x00,0x00}, {0x00,0x00,0x00}, {0x00,0x00,0x00}, {0x68,0x8A,0x86}, {0xC2,0xFF,0xFA}, {0xBF,0xFF,0xF6}, {0xBD,0xFB,0xF4}, {0xAD,0xE4,0xE1}, {0x92,0xBE,0xC1}, {0x7F,0xA2,0xA8}, {0x79,0x99,0xA3}, {0x52,0x64,0x70}, {0x4D,0x61,0x67}, {0x17,0x18,0x21}, {0x00,0x00,0x00}, {0x00,0x00,0x00}, {0x00,0x00,0x00}, {0x00,0x00,0x00}, {0x00,0x00,0x00}, {0x00,0x00,0x00}, {0x00,0x00,0x00}, {0x00,0x00,0x00}, {0x00,0x00,0x00}, {0x00,0x00,0x00}, {0x00,0x00,0x00}, {0x00,0x00,0x00}, {0x00,0x00,0x00}, {0x00,0x00,0x00}, {0x00,0x00,0x00}},
		{{0x00,0x00,0x00}, {0x00,0x00,0x00}, {0x05,0x05,0x06}, {0x2E,0x39,0x39}, {0x24,0x2A,0x2E}, {0x05,0x04,0x06}, {0x00,0x00,0x00}, {0x00,0x00,0x00}, {0x00,0x00,0x00}, {0x00,0x00,0x00}, {0x37,0x49,0x47}, {0xB7,0xF4,0xED}, {0xB3,0xEF,0xE7}, {0xB5,0xF1,0xE9}, {0xBB,0xFA,0xF1}, {0xBE,0xFE,0xF5}, {0xB5,0xF1,0xE9}, {0x93,0xBF,0xC1}, {0x81,0xA6,0xAC}, {0x78,0x9A,0xA1}, {0x61,0x74,0x86}, {0x2F,0x37,0x3F}, {0x2A,0x29,0x2C}, {0x16,0x16,0x18}, {0x00,0x00,0x00}, {0x00,0x00,0x00}, {0x00,0x00,0x00}, {0x00,0x00,0x00}, {0x00,0x00,0x00}, {0x00,0x00,0x00}, {0x00,0x00,0x00}, {0x00,0x00,0x00}, {0x00,0x00,0x00}, {0x00,0x00,0x00}, {0x00,0x00,0x00}, {0x00,0x00,0x00}},
		{{0x00,0x00,0x00}, {0x00,0x00,0x00}, {0x01,0x01,0x01}, {0x0F,0x12,0x12}, {0x28,0x2B,0x36}, {0x2B,0x22,0x44}, {0x1F,0x18,0x31}, {0x0A,0x08,0x0F}, {0x00,0x00,0x00}, {0x00,0x00,0x00}, {0x29,0x36,0x34}, {0xB9,0xF6,0xEE}, {0xBB,0xFA,0xF1}, {0xB8,0xF5,0xED}, {0xB6,0xF3,0xEA}, {0xBA,0xF9,0xEF}, {0x98,0xC3,0xC9}, {0x69,0x7A,0x95}, {0x7A,0x96,0xA7}, {0x7D,0x9D,0xA7}, {0x70,0x8C,0x93}, {0x54,0x60,0x74}, {0x7E,0x7E,0x81}, {0x01,0x01,0x02}, {0x00,0x00,0x00}, {0x00,0x00,0x00}, {0x00,0x00,0x00}, {0x00,0x00,0x00}, {0x00,0x00,0x00}, {0x00,0x00,0x00}, {0x00,0x00,0x00}, {0x00,0x00,0x00}, {0x00,0x00,0x00}, {0x00,0x00,0x00}, {0x00,0x00,0x00}, {0x00,0x00,0x00}},
		{{0x00,0x00,0x00}, {0x00,0x00,0x00}, {0x00,0x00,0x00}, {0x00,0x00,0x00}, {0x00,0x00,0x00}, {0x07,0x06,0x0A}, {0x21,0x18,0x36}, {0x32,0x25,0x55}, {0x2A,0x1F,0x44}, {0x19,0x12,0x29}, {0x3C,0x45,0x52}, {0xA0,0xCF,0xD3}, {0x9F,0xCF,0xD0}, {0x9F,0xD1,0xCF}, {0xA2,0xD5,0xD3}, {0xAB,0xE2,0xDD}, {0x9E,0xCE,0xCF}, {0x39,0x2C,0x62}, {0x3B,0x33,0x60}, {0x59,0x61,0x82}, {0x52,0x5A,0x78}, {0x31,0x25,0x55}, {0x82,0x7C,0x86}, {0x52,0x52,0x4F}, {0x25,0x25,0x29}, {0x00,0x00,0x00}, {0x00,0x00,0x00}, {0x00,0x00,0x00}, {0x00,0x00,0x00}, {0x00,0x00,0x00}, {0x00,0x00,0x00}, {0x00,0x00,0x00}, {0x00,0x00,0x00}, {0x00,0x00,0x00}, {0x00,0x00,0x00}, {0x00,0x00,0x00}},
		{{0x00,0x00,0x00}, {0x00,0x00,0x00}, {0x00,0x00,0x00}, {0x01,0x01,0x01}, {0x00,0x00,0x00}, {0x00,0x00,0x00}, {0x00,0x00,0x00}, {0x09,0x07,0x0D}, {0x1A,0x14,0x2A}, {0x26,0x1C,0x40}, {0x32,0x27,0x53}, {0x43,0x3C,0x6A}, {0x48,0x42,0x73}, {0x39,0x2C,0x62}, {0x4B,0x48,0x76}, {0x48,0x44,0x73}, {0x66,0x77,0x90}, {0x6C,0x81,0x96}, {0x36,0x26,0x5E}, {0x6D,0x87,0x94}, {0x41,0x51,0x57}, {0x14,0x14,0x1E}, {0x14,0x13,0x17}, {0x7E,0x7A,0x7E}, {0x78,0x73,0x7A}, {0x1E,0x1A,0x2F}, {0x0A,0x09,0x11}, {0x01,0x01,0x02}, {0x00,0x00,0x00}, {0x00,0x00,0x00}, {0x00,0x00,0x00}, {0x00,0x00,0x00}, {0x00,0x00,0x00}, {0x00,0x00,0x00}, {0x00,0x00,0x00}, {0x00,0x00,0x00}},
		{{0x00,0x00,0x00}, {0x00,0x00,0x00}, {0x00,0x00,0x00}, {0x02,0x02,0x02}, {0x00,0x00,0x00}, {0x00,0x00,0x00}, {0x00,0x00,0x00}, {0x00,0x00,0x00}, {0x00,0x00,0x00}, {0x00,0x00,0x00}, {0x03,0x04,0x04}, {0x11,0x15,0x17}, {0x40,0x49,0x58}, {0x45,0x44,0x6B}, {0x41,0x34,0x6E}, {0x44,0x3D,0x6F}, {0x43,0x37,0x70}, {0x40,0x35,0x6A}, {0x3D,0x2E,0x69}, {0x3D,0x30,0x67}, {0x26,0x1E,0x40}, {0x29,0x1E,0x48}, {0x32,0x26,0x56}, {0x3A,0x2E,0x65}, {0x49,0x40,0x73}, {0x47,0x42,0x73}, {0x3E,0x39,0x66}, {0x1D,0x16,0x30}, {0x00,0x00,0x00}, {0x00,0x00,0x00}, {0x00,0x00,0x00}, {0x00,0x00,0x00}, {0x00,0x00,0x00}, {0x00,0x00,0x00}, {0x00,0x00,0x00}, {0x00,0x00,0x00}},
		{{0x00,0x00,0x00}, {0x00,0x00,0x00}, {0x00,0x00,0x00}, {0x00,0x00,0x00}, {0x00,0x00,0x00}, {0x00,0x00,0x00}, {0x00,0x00,0x00}, {0x00,0x00,0x00}, {0x00,0x00,0x00}, {0x00,0x00,0x00}, {0x00,0x00,0x00}, {0x0B,0x0D,0x0D}, {0x3A,0x34,0x5C}, {0x32,0x24,0x58}, {0x3A,0x32,0x5F}, {0x32,0x31,0x4B}, {0x4E,0x57,0x6F}, {0x3F,0x2F,0x6C}, {0x36,0x26,0x5F}, {0x45,0x3A,0x72}, {0x34,0x27,0x5A}, {0x5F,0x62,0x91}, {0x68,0x72,0x98}, {0x70,0x84,0x9C}, {0x64,0x7D,0x86}, {0x25,0x2B,0x33}, {0x11,0x0F,0x1C}, {0x09,0x08,0x0F}, {0x00,0x00,0x00}, {0x00,0x00,0x00}, {0x00,0x00,0x00}, {0x00,0x00,0x00}, {0x00,0x00,0x00}, {0x00,0x00,0x00}, {0x00,0x00,0x00}, {0x00,0x00,0x00}},
		{{0x00,0x00,0x00}, {0x00,0x00,0x00}, {0x00,0x00,0x00}, {0x00,0x00,0x00}, {0x00,0x00,0x00}, {0x00,0x00,0x00}, {0x00,0x00,0x00}, {0x00,0x00,0x00}, {0x00,0x00,0x00}, {0x00,0x00,0x00}, {0x00,0x00,0x00}, {0x29,0x2A,0x2D}, {0x4B,0x50,0x6C}, {0x43,0x3F,0x68}, {0x17,0x13,0x24}, {0x00,0x00,0x00}, {0x19,0x20,0x20}, {0x5A,0x6D,0x7C}, {0x43,0x3F,0x69}, {0x41,0x36,0x6C}, {0x49,0x55,0x68}, {0x46,0x58,0x5D}, {0x27,0x33,0x34}, {0x10,0x15,0x14}, {0x00,0x00,0x00}, {0x00,0x00,0x00}, {0x00,0x00,0x00}, {0x00,0x00,0x00}, {0x00,0x00,0x00}, {0x00,0x00,0x00}, {0x00,0x00,0x00}, {0x00,0x00,0x00}, {0x00,0x00,0x00}, {0x00,0x00,0x00}, {0x00,0x00,0x00}, {0x00,0x00,0x00}},
		{{0x00,0x00,0x00}, {0x00,0x00,0x00}, {0x00,0x00,0x00}, {0x00,0x00,0x00}, {0x00,0x00,0x00}, {0x00,0x00,0x00}, {0x00,0x00,0x00}, {0x00,0x00,0x00}, {0x00,0x00,0x00}, {0x00,0x00,0x00}, {0x11,0x10,0x12}, {0x3D,0x3E,0x47}, {0x38,0x39,0x4D}, {0x2D,0x31,0x38}, {0x4B,0x4C,0x6B}, {0x13,0x10,0x1D}, {0x0E,0x0E,0x10}, {0x07,0x0A,0x09}, {0x31,0x29,0x51}, {0x3A,0x31,0x5E}, {0x01,0x00,0x01}, {0x00,0x00,0x00}, {0x00,0x00,0x00}, {0x00,0x00,0x00}, {0x00,0x00,0x00}, {0x00,0x00,0x00}, {0x00,0x00,0x00}, {0x00,0x00,0x00}, {0x00,0x00,0x00}, {0x00,0x00,0x00}, {0x00,0x00,0x00}, {0x00,0x00,0x00}, {0x00,0x00,0x00}, {0x00,0x00,0x00}, {0x00,0x00,0x00}, {0x00,0x00,0x00}},
		{{0x00,0x00,0x00}, {0x00,0x00,0x00}, {0x00,0x00,0x00}, {0x00,0x00,0x00}, {0x00,0x00,0x00}, {0x00,0x00,0x00}, {0x00,0x00,0x00}, {0x00,0x00,0x00}, {0x00,0x00,0x00}, {0x00,0x00,0x00}, {0x02,0x02,0x02}, {0x09,0x09,0x0D}, {0x05,0x04,0x07}, {0x12,0x11,0x14}, {0x29,0x2B,0x37}, {0x0B,0x0A,0x10}, {0x22,0x21,0x2D}, {0x32,0x2D,0x4C}, {0x2C,0x23,0x48}, {0x33,0x27,0x55}, {0x02,0x02,0x03}, {0x00,0x00,0x00}, {0x00,0x00,0x00}, {0x00,0x00,0x00}, {0x00,0x00,0x00}, {0x00,0x00,0x00}, {0x00,0x00,0x00}, {0x00,0x00,0x00}, {0x00,0x00,0x00}, {0x00,0x00,0x00}, {0x00,0x00,0x00}, {0x00,0x00,0x00}, {0x00,0x00,0x00}, {0x00,0x00,0x00}, {0x00,0x00,0x00}, {0x00,0x00,0x00}},
		{{0x00,0x00,0x00}, {0x00,0x00,0x00}, {0x00,0x00,0x00}, {0x00,0x00,0x00}, {0x00,0x00,0x00}, {0x00,0x00,0x00}, {0x00,0x00,0x00}, {0x00,0x00,0x00}, {0x00,0x00,0x00}, {0x00,0x00,0x00}, {0x00,0x00,0x00}, {0x00,0x00,0x00}, {0x00,0x00,0x00}, {0x00,0x00,0x00}, {0x00,0x00,0x00}, {0x00,0x00,0x00}, {0x01,0x01,0x02}, {0x08,0x07,0x0B}, {0x04,0x04,0x06}, {0x2A,0x24,0x47}, {0x2A,0x2C,0x41}, {0x2D,0x2E,0x37}, {0x08,0x08,0x08}, {0x00,0x00,0x00}, {0x00,0x00,0x00}, {0x00,0x00,0x00}, {0x00,0x00,0x00}, {0x00,0x00,0x00}, {0x00,0x00,0x00}, {0x00,0x00,0x00}, {0x00,0x00,0x00}, {0x00,0x00,0x00}, {0x00,0x00,0x00}, {0x00,0x00,0x00}, {0x00,0x00,0x00}, {0x00,0x00,0x00}},
	},
	{
		{{0x00,0x00,0x00}, {0x00,0x00,0x00}, {0x00,0x00,0x00}, {0x00,0x00,0x00}, {0x00,0x00,0x00}, {0x00,0x00,0x00}, {0x00,0x00,0x00}, {0x00,0x00,0x00}, {0x00,0x00,0x00}, {0x00,0x00,0x00}, {0x00,0x00,0x00}, {0x00,0x00,0x00}, {0x00,0x00,0x00}, {0x00,0x00,0x00}, {0x00,0x00,0x00}, {0x00,0x00,0x00}, {0x00,0x00,0x00}, {0x00,0x00,0x00}, {0x00,0x00,0x00}, {0x00,0x00,0x00}, {0x00,0x00,0x00}, {0x00,0x00,0x00}, {0x00,0x00,0x00}, {0x00,0x00,0x00}, {0x00,0x00,0x00}, {0x00,0x00,0x00}, {0x00,0x00,0x00}, {0x00,0x00,0x00}, {0x00,0x00,0x00}, {0x00,0x00,0x00}, {0x00,0x00,0x00}, {0x00,0x00,0x00}, {0x00,0x00,0x00}, {0x00,0x00,0x00}, {0x00,0x00,0x00}, {0x00,0x00,0x00}},
		{{0x00,0x00,0x00}, {0x00,0x00,0x00}, {0x00,0x00,0x00}, {0x00,0x00,0x00}, {0x00,0x00,0x00}, {0x00,0x00,0x00}, {0x00,0x00,0x00}, {0x00,0x00,0x00}, {0x00,0x00,0x00}, {0x00,0x00,0x00}, {0x00,0x00,0x00}, {0x00,0x00,0x00}, {0x00,0x00,0x00}, {0x00,0x00,0x00}, {0x00,0x00,0x00}, {0x00,0x00,0x00}, {0x00,0x00,0x00}, {0x00,0x00,0x00}, {0x00,0x00,0x00}, {0x00,0x00,0x00}, {0x00,0x00,0x00}, {0x00,0x00,0x00}, {0x00,0x00,0x00}, {0x00,0x00,0x00}, {0x00,0x00,0x00}, {0x00,0x00,0x00}, {0x00,0x00,0x00}, {0x00,0x00,0x00}, {0x00,0x00,0x00}, {0x00,0x00,0x00}, {0x00,0x00,0x00}, {0x00,0x00,0x00}, {0x00,0x00,0x00}, {0x00,0x00,0x00}, {0x00,0x00,0x00}, {0x00,0x00,0x00}},
		{{0x00,0x00,0x00}, {0x00,0x00,0x00}, {0x00,0x00,0x00}, {0x00,0x00,0x00}, {0x00,0x00,0x00}, {0x00,0x00,0x00}, {0x00,0x00,0x00}, {0x00,0x00,0x00}, {0x00,0x00,0x00}, {0x00,0x00,0x00}, {0x00,0x00,0x00}, {0x00,0x00,0x00}, {0x00,0x00,0x00}, {0x00,0x00,0x00}, {0x00,0x00,0x00}, {0x00,0x00,0x00}, {0x00,0x00,0x00}, {0x00,0x00,0x00}, {0x00,0x00,0x00}, {0x00,0x00,0x00}, {0x00,0x00,0x00}, {0x00,0x00,0x00}, {0x00,0x00,0x00}, {0x00,0x00,0x00}, {0x00,0x00,0x00}, {0x00,0x00,0x00}, {0x00,0x00,0x00}, {0x00,0x00,0x00}, {0x00,0x00,0x00}, {0x00,0x00,0x00}, {0x00,0x00,0x00}, {0x00,0x00,0x00}, {0x00,0x00,0x00}, {0x00,0x00,0x00}, {0x00,0x00,0x00}, {0x00,0x00,0x00}},
		{{0x00,0x00,0x00}, {0x00,0x00,0x00}, {0x00,0x00,0x00}, {0x00,0x00,0x00}, {0x00,0x00,0x00}, {0x00,0x00,0x00}, {0x00,0x00,0x00}, {0x00,0x00,0x00}, {0x00,0x00,0x00}, {0x00,0x00,0x00}, {0x00,0x00,0x00}, {0x00,0x00,0x00}, {0x01,0x01,0x01}, {0x01,0x00,0x01}, {0x00,0x00,0x00}, {0x00,0x00,0x00}, {0x00,0x00,0x00}, {0x00,0x00,0x00}, {0x00,0x00,0x00}, {0x00,0x00,0x00}, {0x00,0x00,0x00}, {0x00,0x00,0x00}, {0x00,0x00,0x00}, {0x00,0x00,0x00}, {0x00,0x00,0x00}, {0x00,0x00,0x00}, {0x00,0x00,0x00}, {0x00,0x00,0x00}, {0x00,0x00,0x00}, {0x00,0x00,0x00}, {0x00,0x00,0x00}, {0x00,0x00,0x00}, {0x00,0x00,0x00}, {0x00,0x00,0x00}, {0x00,0x00,0x00}, {0x00,0x00,0x00}},
		{{0x00,0x00,0x00}, {0x00,0x00,0x00}, {0x00,0x00,0x00}, {0x00,0x00,0x00}, {0x00,0x00,0x00}, {0x00,0x00,0x00}, {0x00,0x00,0x00}, {0x00,0x00,0x00}, {0x05,0x04,0x05}, {0x05,0x04,0x05}, {0x06,0x07,0x08}, {0x00,0x00,0x00}, {0x00,0x00,0x00}, {0x0B,0x0A,0x0C}, {0x21,0x29,0x2B}, {0x0D,0x10,0x11}, {0x00,0x00,0x00}, {0x00,0x00,0x00}, {0x00,0x00,0x00}, {0x00,0x00,0x00}, {0x00,0x00,0x00}, {0x00,0x00,0x00}, {0x00,0x00,0x00}, {0x00,0x00,0x00}, {0x00,0x00,0x00}, {0x00,0x00,0x00}, {0x00,0x00,0x00}, {0x00,0x00,0x00}, {0x00,0x00,0x00}, {0x00,0x00,0x00}, {0x00,0x00,0x00}, {0x00,0x00,0x00}, {0x00,0x00,0x00}, {0x00,0x00,0x00}, {0x00,0x00,0x00}, {0x00,0x00,0x00}},
		{{0x00,0x00,0x00}, {0x00,0x00,0x00}, {0x00,0x00,0x00}, {0x00,0x00,0x00}, {0x00,0x00,0x00}, {0x00,0x00,0x00}, {0x00,0x00,0x00}, {0x00,0x00,0x00}, {0x03,0x02,0x03}, {0x08,0x08,0x09}, {0x56,0x6F,0x6F}, {0x7A,0x9F,0x9E}, {0x61,0x7F,0x7E}, {0x48,0x59,0x5F}, {0x59,0x71,0x77}, {0x65,0x81,0x85}, {0x3C,0x49,0x51}, {0x1D,0x20,0x27}, {0x15,0x17,0x1B}, {0x01,0x01,0x02}, {0x00,0x00,0x00}, {0x00,0x00,0x00}, {0x00,0x00,0x00}, {0x00,0x00,0x00}, {0x00,0x00,0x00}, {0x00,0x00,0x00}, {0x00,0x00,0x00}, {0x00,0x00,0x00}, {0x00,0x00,0x00}, {0x00,0x00,0x00}, {0x00,0x00,0x00}, {0x00,0x00,0x00}, {0x00,0x00,0x00}, {0x00,0x00,0x00}, {0x00,0x00,0x00}, {0x00,0x00,0x00}},
		{{0x00,0x00,0x00}, {0x00,0x00,0x00}, {0x00,0x00,0x00}, {0x00,0x00,0x00}, {0x00,0x00,0x00}, {0x00,0x00,0x00}, {0x00,0x00,0x00}, {0x00,0x00,0x00}, {0x00,0x00,0x00}, {0x00,0x00,0x00}, {0x18,0x20,0x20}, {0xA9,0xE1,0xDA}, {0xB9,0xF7,0xEF}, {0xB4,0xEF,0xE9}, {0xA4,0xD7,0xD4}, {0x88,0xAF,0xB3}, {0x73,0x91,0x98}, {0x66,0x7F,0x8A}, {0x55,0x69,0x72}, {0x44,0x56,0x5A}, {0x1B,0x20,0x24}, {0x05,0x06,0x08}, {0x0C,0x0C,0x0D}, {0x12,0x11,0x14}, {0x00,0x00,0x00}, {0x00,0x00,0x00}, {0x00,0x00,0x00}, {0x00,0x00,0x00}, {0x00,0x00,0x00}, {0x00,0x00,0x00}, {0x00,0x00,0x00}, {0x00,0x00,0x00}, {0x00,0x00,0x00}, {0x00,0x00,0x00}, {0x00,0x00,0x00}, {0x00,0x00,0x00}},
		{{0x00,0x00,0x00}, {0x00,0x00,0x00}, {0x00,0x00,0x00}, {0x00,0x00,0x00}, {0x00,0x00,0x00}, {0x00,0x00,0x00}, {0x00,0x00,0x00}, {0x00,0x00,0x00}, {0x00,0x00,0x00}, {0x00,0x00,0x00}, {0x01,0x01,0x01}, {0x98,0xC9,0xC3}, {0xB6,0xF3,0xEB}, {0xAD,0xE7,0xDF}, {0xB5,0xF2,0xE8}, {0xBD,0xFE,0xF3}, {0x96,0xC1,0xC6}, {0x53,0x5B,0x7B}, {0x53,0x5F,0x77}, {0x55,0x67,0x75}, {0x4D,0x5D,0x68}, {0x46,0x50,0x5E}, {0x75,0x74,0x73}, {0x0C,0x0C,0x0D}, {0x00,0x00,0x00}, {0x00,0x00,0x00}, {0x00,0x00,0x00}, {0x00,0x00,0x00}, {0x00,0x00,0x00}, {0x00,0x00,0x00}, {0x00,0x00,0x00}, {0x00,0x00,0x00}, {0x00,0x00,0x00}, {0x00,0x00,0x00}, {0x00,0x00,0x00}, {0x00,0x00,0x00}},
		{{0x00,0x00,0x00}, {0x00,0x00,0x00}, {0x0E,0x10,0x11}, {0x30,0x3B,0x3D}, {0x14,0x14,0x1E}, {0x07,0x04,0x0B}, {0x03,0x02,0x05}, {0x02,0x01,0x02}, {0x01,0x01,0x01}, {0x02,0x01,0x02}, {0x26,0x2E,0x32}, {0x99,0xC9,0xC8}, {0x9D,0xCE,0xCE}, {0x93,0xBE,0xC1}, {0x88,0xAE,0xB5}, {0x86,0xAC,0xB3}, {0x72,0x8E,0x9A}, {0x38,0x2C,0x5F}, {0x3C,0x33,0x62}, {0x4C,0x4F,0x71}, {0x3D,0x3E,0x5E}, {0x35,0x2B,0x57}, {0x8A,0x85,0x8B}, {0x42,0x43,0x40}, {0x27,0x26,0x27}, {0x00,0x00,0x00}, {0x00,0x00,0x00}, {0x00,0x00,0x00}, {0x00,0x00,0x00}, {0x00,0x00,0x00}, {0x00,0x00,0x00}, {0x00,0x00,0x00}, {0x00,0x00,0x00}, {0x00,0x00,0x00}, {0x00,0x00,0x00}, {0x00,0x00,0x00}},
		{{0x00,0x00,0x00}, {0x00,0x00,0x00}, {0x01,0x01,0x01}, {0x15,0x1A,0x1B}, {0x1E,0x1B,0x30}, {0x20,0x16,0x36}, {0x25,0x1A,0x40}, {0x29,0x1C,0x47}, {0x2D,0x1F,0x4E}, {0x2E,0x1F,0x50}, {0x38,0x2B,0x5F}, {0x42,0x39,0x6B}, {0x45,0x3F,0x6F}, {0x43,0x3C,0x6C}, {0x32,0x21,0x59}, {0x46,0x3F,0x71}, {0x3E,0x36,0x67}, {0x3B,0x35,0x5F}, {0x36,0x26,0x5E}, {0x52,0x59,0x77}, {0x3C,0x46,0x55}, {0x16,0x12,0x26}, {0x1B,0x1A,0x1E}, {0x82,0x7F,0x7F}, {0x7D,0x77,0x80}, {0x21,0x1E,0x32}, {0x0B,0x0A,0x12}, {0x01,0x01,0x02}, {0x00,0x00,0x00}, {0x00,0x00,0x00}, {0x00,0x00,0x00}, {0x00,0x00,0x00}, {0x00,0x00,0x00}, {0x00,0x00,0x00}, {0x00,0x00,0x00}, {0x00,0x00,0x00}},
		{{0x00,0x00,0x00}, {0x00,0x00,0x00}, {0x00,0x00,0x00}, {0x00,0x00,0x00}, {0x00,0x00,0x00}, {0x00,0x00,0x00}, {0x02,0x02,0x04}, {0x07,0x05,0x0B}, {0x0C,0x09,0x14}, {0x0C,0x08,0x15}, {0x0D,0x09,0x16}, {0x18,0x1B,0x22}, {0x24,0x2E,0x30}, {0x2E,0x37,0x3E}, {0x35,0x26,0x5C}, {0x3E,0x32,0x69}, {0x3B,0x32,0x62}, {0x40,0x33,0x6C}, {0x3F,0x31,0x6C}, {0x3C,0x2C,0x68}, {0x20,0x17,0x37}, {0x24,0x1A,0x3F}, {0x2B,0x20,0x4B}, {0x35,0x2A,0x5E}, {0x42,0x35,0x6C}, {0x47,0x40,0x72}, {0x38,0x32,0x5E}, {0x1C,0x15,0x2F}, {0x00,0x00,0x00}, {0x00,0x00,0x00}, {0x00,0x00,0x00}, {0x00,0x00,0x00}, {0x00,0x00,0x00}, {0x00,0x00,0x00}, {0x00,0x00,0x00}, {0x00,0x00,0x00}},
		{{0x00,0x00,0x00}, {0x00,0x00,0x00}, {0x00,0x00,0x00}, {0x00,0x00,0x00}, {0x00,0x00,0x00}, {0x00,0x00,0x00}, {0x00,0x00,0x00}, {0x00,0x00,0x00}, {0x00,0x00,0x00}, {0x00,0x00,0x00}, {0x00,0x00,0x00}, {0x00,0x00,0x00}, {0x00,0x00,0x00}, {0x03,0x01,0x05}, {0x2C,0x1D,0x4C}, {0x3B,0x30,0x63}, {0x51,0x57,0x77}, {0x46,0x40,0x71}, {0x35,0x25,0x5D}, {0x46,0x3B,0x73}, {0x33,0x25,0x59}, {0x59,0x59,0x88}, {0x62,0x66,0x93}, {0x6E,0x7D,0x9E}, {0x6B,0x84,0x92}, {0x42,0x50,0x5D}, {0x11,0x0F,0x1A}, {0x07,0x06,0x0B}, {0x00,0x00,0x00}, {0x00,0x00,0x00}, {0x00,0x00,0x00}, {0x00,0x00,0x00}, {0x00,0x00,0x00}, {0x00,0x00,0x00}, {0x00,0x00,0x00}, {0x00,0x00,0x00}},
		{{0x00,0x00,0x00}, {0x00,0x00,0x00}, {0x00,0x00,0x00}, {0x00,0x00,0x00}, {0x00,0x00,0x00}, {0x00,0x00,0x00}, {0x00,0x00,0x00}, {0x00,0x00,0x00}, {0x00,0x00,0x00}, {0x00,0x00,0x00}, {0x00,0x00,0x00}, {0x00,0x00,0x00}, {0x00,0x00,0x00}, {0x0A,0x09,0x0F}, {0x32,0x29,0x54}, {0x3C,0x31,0x64}, {0x14,0x15,0x1C}, {0x3A,0x40,0x55}, {0x41,0x37,0x6B}, {0x43,0x3E,0x6A}, {0x43,0x49,0x62}, {0x5F,0x7A,0x7D}, {0x47,0x5B,0x5D}, {0x24,0x2F,0x30}, {0x0C,0x0F,0x0F}, {0x00,0x00,0x00}, {0x00,0x00,0x00}, {0x00,0x00,0x00}, {0x00,0x00,0x00}, {0x00,0x00,0x00}, {0x00,0x00,0x00}, {0x00,0x00,0x00}, {0x00,0x00,0x00}, {0x00,0x00,0x00}, {0x00,0x00,0x00}, {0x00,0x00,0x00}},
		{{0x00,0x00,0x00}, {0x00,0x00,0x00}, {0x00,0x00,0x00}, {0x00,0x00,0x00}, {0x00,0x00,0x00}, {0x00,0x00,0x00}, {0x00,0x00,0x00}, {0x00,0x00,0x00}, {0x00,0x00,0x00}, {0x00,0x00,0x00}, {0x00,0x00,0x00}, {0x00,0x00,0x00}, {0x00,0x00,0x00}, {0x03,0x03,0x02}, {0x20,0x1F,0x29}, {0x3F,0x3C,0x60}, {0x32,0x31,0x4A}, {0x33,0x29,0x54}, {0x32,0x27,0x55}, {0x12,0x13,0x18}, {0x05,0x06,0x05}, {0x00,0x00,0x00}, {0x00,0x00,0x00}, {0x00,0x00,0x00}, {0x00,0x00,0x00}, {0x00,0x00,0x00}, {0x00,0x00,0x00}, {0x00,0x00,0x00}, {0x00,0x00,0x00}, {0x00,0x00,0x00}, {0x00,0x00,0x00}, {0x00,0x00,0x00}, {0x00,0x00,0x00}, {0x00,0x00,0x00}, {0x00,0x00,0x00}, {0x00,0x00,0x00}},
		{{0x00,0x00,0x00}, {0x00,0x00,0x00}, {0x00,0x00,0x00}, {0x00,0x00,0x00}, {0x00,0x00,0x00}, {0x00,0x00,0x00}, {0x00,0x00,0x00}, {0x00,0x00,0x00}, {0x00,0x00,0x00}, {0x00,0x00,0x00}, {0x00,0x00,0x00}, {0x00,0x00,0x00}, {0x00,0x00,0x00}, {0x00,0x00,0x01}, {0x23,0x23,0x2A}, {0x34,0x38,0x49}, {0x35,0x35,0x4F}, {0x39,0x3B,0x51}, {0x22,0x1F,0x33}, {0x00,0x00,0x00}, {0x00,0x00,0x00}, {0x00,0x00,0x00}, {0x00,0x00,0x00}, {0x00,0x00,0x00}, {0x00,0x00,0x00}, {0x00,0x00,0x00}, {0x00,0x00,0x00}, {0x00,0x00,0x00}, {0x00,0x00,0x00}, {0x00,0x00,0x00}, {0x00,0x00,0x00}, {0x00,0x00,0x00}, {0x00,0x00,0x00}, {0x00,0x00,0x00}, {0x00,0x00,0x00}, {0x00,0x00,0x00}},
		{{0x00,0x00,0x00}, {0x00,0x00,0x00}, {0x00,0x00,0x00}, {0x00,0x00,0x00}, {0x00,0x00,0x00}, {0x00,0x00,0x00}, {0x00,0x00,0x00}, {0x00,0x00,0x00}, {0x00,0x00,0x00}, {0x00,0x00,0x00}, {0x00,0x00,0x00}, {0x00,0x00,0x00}, {0x00,0x00,0x00}, {0x00,0x00,0x00}, {0x06,0x06,0x08}, {0x07,0x07,0x0B}, {0x08,0x06,0x0B}, {0x17,0x17,0x1B}, {0x03,0x04,0x03}, {0x00,0x00,0x00}, {0x00,0x00,0x00}, {0x00,0x00,0x00}, {0x00,0x00,0x00}, {0x00,0x00,0x00}, {0x00,0x00,0x00}, {0x00,0x00,0x00}, {0x00,0x00,0x00}, {0x00,0x00,0x00}, {0x00,0x00,0x00}, {0x00,0x00,0x00}, {0x00,0x00,0x00}, {0x00,0x00,0x00}, {0x00,0x00,0x00}, {0x00,0x00,0x00}, {0x00,0x00,0x00}, {0x00,0x00,0x00}},
	},
	{
		{{0x00,0x00,0x00}, {0x00,0x00,0x00}, {0x00,0x00,0x00}, {0x00,0x00,0x00}, {0x00,0x00,0x00}, {0x00,0x00,0x00}, {0x00,0x00,0x00}, {0x00,0x00,0x00}, {0x00,0x00,0x00}, {0x00,0x00,0x00}, {0x00,0x00,0x00}, {0x00,0x00,0x00}, {0x00,0x00,0x00}, {0x00,0x00,0x00}, {0x00,0x00,0x00}, {0x00,0x00,0x00}, {0x00,0x00,0x00}, {0x00,0x00,0x00}, {0x00,0x00,0x00}, {0x00,0x00,0x00}, {0x00,0x00,0x00}, {0x00,0x00,0x00}, {0x00,0x00,0x00}, {0x00,0x00,0x00}, {0x00,0x00,0x00}, {0x00,0x00,0x00}, {0x00,0x00,0x00}, {0x00,0x00,0x00}, {0x00,0x00,0x00}, {0x00,0x00,0x00}, {0x00,0x00,0x00}, {0x00,0x00,0x00}, {0x00,0x00,0x00}, {0x00,0x00,0x00}, {0x00,0x00,0x00}, {0x00,0x00,0x00}},
		{{0x00,0x00,0x00}, {0x00,0x00,0x00}, {0x00,0x00,0x00}, {0x00,0x00,0x00}, {0x00,0x00,0x00}, {0x00,0x00,0x00}, {0x00,0x00,0x00}, {0x00,0x00,0x00}, {0x00,0x00,0x00}, {0x00,0x00,0x00}, {0x00,0x00,0x00}, {0x00,0x00,0x00}, {0x00,0x00,0x00}, {0x00,0x00,0x00}, {0x00,0x00,0x00}, {0x00,0x00,0x00}, {0x00,0x00,0x00}, {0x00,0x00,0x00}, {0x00,0x00,0x00}, {0x00,0x00,0x00}, {0x00,0x00,0x00}, {0x00,0x00,0x00}, {0x00,0x00,0x00}, {0x00,0x00,0x00}, {0x00,0x00,0x00}, {0x00,0x00,0x00}, {0x00,0x00,0x00}, {0x00,0x00,0x00}, {0x00,0x00,0x00}, {0x00,0x00,0x00}, {0x00,0x00,0x00}, {0x00,0x00,0x00}, {0x00,0x00,0x00}, {0x00,0x00,0x00}, {0x00,0x00,0x00}, {0x00,0x00,0x00}},
		{{0x00,0x00,0x00}, {0x00,0x00,0x00}, {0x00,0x00,0x00}, {0x00,0x00,0x00}, {0x00,0x00,0x00}, {0x00,0x00,0x00}, {0x00,0x00,0x00}, {0x00,0x00,0x00}, {0x00,0x00,0x00}, {0x00,0x00,0x00}, {0x00,0x00,0x00}, {0x00,0x00,0x00}, {0x00,0x00,0x00}, {0x00,0x00,0x00}, {0x00,0x00,0x00}, {0x00,0x00,0x00}, {0x00,0x00,0x00}, {0x00,0x00,0x00}, {0x00,0x00,0x00}, {0x00,0x00,0x00}, {0x00,0x00,0x00}, {0x00,0x00,0x00}, {0x00,0x00,0x00}, {0x00,0x00,0x00}, {0x00,0x00,0x00}, {0x00,0x00,0x00}, {0x00,0x00,0x00}, {0x00,0x00,0x00}, {0x00,0x00,0x00}, {0x00,0x00,0x00}, {0x00,0x00,0x00}, {0x00,0x00,0x00}, {0x00,0x00,0x00}, {0x00,0x00,0x00}, {0x00,0x00,0x00}, {0x00,0x00,0x00}},
		{{0x00,0x00,0x00}, {0x00,0x00,0x00}, {0x00,0x00,0x00}, {0x00,0x00,0x00}, {0x00,0x00,0x00}, {0x00,0x00,0x00}, {0x00,0x00,0x00}, {0x00,0x00,0x00}, {0x00,0x00,0x00}, {0x00,0x00,0x00}, {0x00,0x00,0x00}, {0x00,0x00,0x00}, {0x00,0x00,0x00}, {0x00,0x00,0x00}, {0x00,0x00,0x00}, {0x00,0x00,0x00}, {0x00,0x00,0x00}, {0x00,0x00,0x00}, {0x00,0x00,0x00}, {0x00,0x00,0x00}, {0x00,0x00,0x00}, {0x00,0x00,0x00}, {0x00,0x00,0x00}, {0x00,0x00,0x00}, {0x00,0x00,0x00}, {0x00,0x00,0x00}, {0x00,0x00,0x00}, {0x00,0x00,0x00}, {0x00,0x00,0x00}, {0x00,0x00,0x00}, {0x00,0x00,0x00}, {0x00,0x00,0x00}, {0x00,0x00,0x00}, {0x00,0x00,0x00}, {0x00,0x00,0x00}, {0x00,0x00,0x00}},
		{{0x00,0x00,0x00}, {0x00,0x00,0x00}, {0x00,0x00,0x00}, {0x00,0x00,0x00}, {0x00,0x00,0x00}, {0x00,0x00,0x00}, {0x00,0x00,0x00}, {0x00,0x00,0x00}, {0x00,0x00,0x00}, {0x00,0x00,0x00}, {0x00,0x00,0x00}, {0x00,0x00,0x00}, {0x00,0x00,0x00}, {0x04,0x04,0x05}, {0x02,0x01,0x02}, {0x00,0x00,0x00}, {0x00,0x00,0x00}, {0x00,0x00,0x00}, {0x00,0x00,0x00}, {0x00,0x00,0x00}, {0x00,0x00,0x00}, {0x00,0x00,0x00}, {0x00,0x00,0x00}, {0x00,0x00,0x00}, {0x00,0x00,0x00}, {0x00,0x00,0x00}, {0x00,0x00,0x00}, {0x00,0x00,0x00}, {0x00,0x00,0x00}, {0x00,0x00,0x00}, {0x00,0x00,0x00}, {0x00,0x00,0x00}, {0x00,0x00,0x00}, {0x00,0x00,0x00}, {0x00,0x00,0x00}, {0x00,0x00,0x00}},
		{{0x00,0x00,0x00}, {0x00,0x00,0x00}, {0x00,0x00,0x00}, {0x00,0x00,0x00}, {0x00,0x00,0x00}, {0x00,0x00,0x00}, {0x00,0x00,0x00}, {0x03,0x02,0x03}, {0x15,0x18,0x1B}, {0x43,0x56,0x56}, {0x4C,0x61,0x62}, {0x32,0x40,0x42}, {0x1C,0x22,0x26}, {0x15,0x17,0x1D}, {0x31,0x3B,0x40}, {0x33,0x40,0x43}, {0x15,0x19,0x1C}, {0x00,0x00,0x00}, {0x00,0x00,0x00}, {0x00,0x00,0x00}, {0x00,0x00,0x00}, {0x00,0x00,0x00}, {0x00,0x00,0x00}, {0x00,0x00,0x00}, {0x00,0x00,0x00}, {0x00,0x00,0x00}, {0x00,0x00,0x00}, {0x00,0x00,0x00}, {0x00,0x00,0x00}, {0x00,0x00,0x00}, {0x00,0x00,0x00}, {0x00,0x00,0x00}, {0x00,0x00,0x00}, {0x00,0x00,0x00}, {0x00,0x00,0x00}, {0x00,0x00,0x00}},
		{{0x00,0x00,0x00}, {0x00,0x00,0x00}, {0x00,0x00,0x00}, {0x00,0x00,0x00}, {0x00,0x00,0x00}, {0x00,0x00,0x00}, {0x00,0x00,0x00}, {0x00,0x00,0x00}, {0x01,0x02,0x02}, {0x20,0x29,0x29}, {0x97,0xC8,0xC3}, {0xBB,0xF9,0xF2}, {0xAA,0xE2,0xDC}, {0x95,0xC5,0xC2}, {0x80,0xA7,0xA8}, {0x72,0x94,0x96}, {0x6E,0x8E,0x90}, {0x5C,0x76,0x7A}, {0x2C,0x32,0x3C}, {0x1C,0x21,0x27}, {0x07,0x07,0x0A}, {0x00,0x00,0x00}, {0x0A,0x0A,0x0B}, {0x04,0x04,0x05}, {0x00,0x00,0x00}, {0x00,0x00,0x00}, {0x00,0x00,0x00}, {0x00,0x00,0x00}, {0x00,0x00,0x00}, {0x00,0x00,0x00}, {0x00,0x00,0x00}, {0x00,0x00,0x00}, {0x00,0x00,0x00}, {0x00,0x00,0x00}, {0x00,0x00,0x00}, {0x00,0x00,0x00}},
		{{0x00,0x00,0x00}, {0x00,0x00,0x00}, {0x00,0x00,0x00}, {0x00,0x00,0x00}, {0x00,0x00,0x00}, {0x00,0x00,0x00}, {0x00,0x00,0x00}, {0x00,0x00,0x00}, {0x00,0x00,0x00}, {0x00,0x00,0x00}, {0x1F,0x29,0x29}, {0xAF,0xE8,0xE1}, {0xB6,0xF2,0xEB}, {0xB3,0xEE,0xE6}, {0xBB,0xFB,0xF2}, {0xBF,0xFF,0xF6}, {0x8D,0xB5,0xBB}, {0x74,0x91,0x9D}, {0x6E,0x8A,0x93}, {0x56,0x6A,0x75}, {0x35,0x3C,0x4D}, {0x26,0x28,0x34}, {0x58,0x57,0x58}, {0x00,0x00,0x02}, {0x00,0x00,0x00}, {0x00,0x00,0x00}, {0x00,0x00,0x00}, {0x00,0x00,0x00}, {0x00,0x00,0x00}, {0x00,0x00,0x00}, {0x00,0x00,0x00}, {0x00,0x00,0x00}, {0x00,0x00,0x00}, {0x00,0x00,0x00}, {0x00,0x00,0x00}, {0x00,0x00,0x00}},
		{{0x00,0x00,0x00}, {0x00,0x00,0x00}, {0x00,0x00,0x00}, {0x00,0x00,0x00}, {0x00,0x00,0x00}, {0x00,0x00,0x00}, {0x00,0x00,0x00}, {0x00,0x00,0x00}, {0x00,0x00,0x00}, {0x00,0x00,0x00}, {0x00,0x00,0x00}, {0x73,0x98,0x94}, {0xC0,0xFF,0xF7}, {0xAE,0xE9,0xE0}, {0x91,0xBE,0xBE}, {0x7E,0xA0,0xA8}, {0x4A,0x4D,0x6F}, {0x30,0x1F,0x56}, {0x3B,0x32,0x61}, {0x48,0x49,0x6C}, {0x3B,0x3A,0x5C}, {0x36,0x2A,0x58}, {0x7A,0x76,0x7B}, {0x49,0x48,0x47}, {0x3A,0x39,0x38}, {0x00,0x00,0x00}, {0x00,0x00,0x00}, {0x00,0x00,0x00}, {0x00,0x00,0x00}, {0x00,0x00,0x00}, {0x00,0x00,0x00}, {0x00,0x00,0x00}, {0x00,0x00,0x00}, {0x00,0x00,0x00}, {0x00,0x00,0x00}, {0x00,0x00,0x00}},
		{{0x00,0x00,0x00}, {0x00,0x00,0x00}, {0x00,0x00,0x00}, {0x08,0x08,0x08}, {0x02,0x02,0x02}, {0x00,0x00,0x00}, {0x00,0x00,0x00}, {0x00,0x00,0x00}, {0x00,0x00,0x00}, {0x00,0x00,0x00}, {0x00,0x00,0x00}, {0x47,0x5C,0x5C}, {0x86,0xA8,0xB5}, {0x4D,0x4E,0x75}, {0x2E,0x1F,0x52}, {0x43,0x38,0x6E}, {0x43,0x3A,0x6D}, {0x33,0x26,0x59}, {0x33,0x20,0x5C}, {0x39,0x34,0x5B}, {0x45,0x51,0x60}, {0x19,0x16,0x28}, {0x1E,0x1C,0x20}, {0x68,0x63,0x6E}, {0x70,0x67,0x7C}, {0x2F,0x2A,0x4D}, {0x21,0x1F,0x35}, {0x0C,0x09,0x13}, {0x00,0x00,0x00}, {0x00,0x00,0x00}, {0x00,0x00,0x00}, {0x00,0x00,0x00}, {0x00,0x00,0x00}, {0x00,0x00,0x00}, {0x00,0x00,0x00}, {0x00,0x00,0x00}},
		{{0x00,0x00,0x00}, {0x00,0x00,0x00}, {0x00,0x00,0x00}, {0x12,0x16,0x16}, {0x39,0x46,0x49}, {0x1E,0x1B,0x2A}, {0x12,0x0B,0x1E}, {0x14,0x0D,0x22}, {0x16,0x0F,0x27}, {0x1E,0x15,0x33}, {0x24,0x18,0x3F}, {0x33,0x26,0x57}, {0x3F,0x36,0x66}, {0x44,0x48,0x65}, {0x34,0x2A,0x58}, {0x42,0x35,0x6F}, {0x46,0x42,0x6E}, {0x44,0x3B,0x6F}, {0x41,0x33,0x6D}, {0x41,0x33,0x6E}, {0x2B,0x21,0x4A}, {0x29,0x1E,0x46}, {0x2E,0x22,0x52}, {0x3E,0x33,0x6B}, {0x4E,0x4C,0x7C}, {0x41,0x3E,0x69}, {0x30,0x2B,0x50}, {0x16,0x10,0x25}, {0x00,0x00,0x00}, {0x00,0x00,0x00}, {0x00,0x00,0x00}, {0x00,0x00,0x00}, {0x00,0x00,0x00}, {0x00,0x00,0x00}, {0x00,0x00,0x00}, {0x00,0x00,0x00}},
		{{0x00,0x00,0x00}, {0x00,0x00,0x00}, {0x00,0x00,0x00}, {0x00,0x00,0x00}, {0x05,0x05,0x06}, {0x08,0x08,0x0D}, {0x0D,0x09,0x16}, {0x14,0x0E,0x23}, {0x19,0x11,0x2B}, {0x1A,0x12,0x2C}, {0x14,0x0D,0x22}, {0x0F,0x0C,0x18}, {0x0E,0x11,0x12}, {0x06,0x09,0x06}, {0x0B,0x08,0x13}, {0x35,0x2A,0x58}, {0x49,0x4B,0x6E}, {0x50,0x56,0x77}, {0x34,0x24,0x5B}, {0x44,0x38,0x71}, {0x35,0x29,0x5B}, {0x62,0x6A,0x92}, {0x6B,0x77,0x9B}, {0x6D,0x84,0x97}, {0x4B,0x61,0x63}, {0x15,0x1A,0x1B}, {0x02,0x02,0x02}, {0x00,0x00,0x00}, {0x00,0x00,0x00}, {0x00,0x00,0x00}, {0x00,0x00,0x00}, {0x00,0x00,0x00}, {0x00,0x00,0x00}, {0x00,0x00,0x00}, {0x00,0x00,0x00}, {0x00,0x00,0x00}},
		{{0x00,0x00,0x00}, {0x00,0x00,0x00}, {0x00,0x00,0x00}, {0x00,0x00,0x00}, {0x00,0x00,0x00}, {0x00,0x00,0x00}, {0x00,0x00,0x00}, {0x00,0x00,0x00}, {0x00,0x00,0x00}, {0x00,0x00,0x00}, {0x00,0x00,0x00}, {0x00,0x00,0x00}, {0x00,0x00,0x00}, {0x00,0x00,0x00}, {0x00,0x00,0x00}, {0x1E,0x18,0x32}, {0x3B,0x2F,0x63}, {0x40,0x3D,0x65}, {0x3B,0x31,0x62}, {0x39,0x32,0x5E}, {0x3F,0x42,0x5F}, {0x40,0x52,0x55}, {0x2A,0x36,0x35}, {0x0B,0x0F,0x0E}, {0x00,0x00,0x00}, {0x00,0x00,0x00}, {0x00,0x00,0x00}, {0x00,0x00,0x00}, {0x00,0x00,0x00}, {0x00,0x00,0x00}, {0x00,0x00,0x00}, {0x00,0x00,0x00}, {0x00,0x00,0x00}, {0x00,0x00,0x00}, {0x00,0x00,0x00}, {0x00,0x00,0x00}},
		{{0x00,0x00,0x00}, {0x00,0x00,0x00}, {0x00,0x00,0x00}, {0x00,0x00,0x00}, {0x00,0x00,0x00}, {0x00,0x00,0x00}, {0x00,0x00,0x00}, {0x00,0x00,0x00}, {0x00,0x00,0x00}, {0x00,0x00,0x00}, {0x00,0x00,0x00}, {0x00,0x00,0x00}, {0x00,0x00,0x00}, {0x07,0x07,0x08}, {0x19,0x1B,0x1D}, {0x13,0x12,0x1E}, {0x3D,0x33,0x65}, {0x30,0x22,0x56}, {0x26,0x21,0x3D}, {0x27,0x28,0x37}, {0x2E,0x26,0x4A}, {0x19,0x10,0x2C}, {0x00,0x00,0x00}, {0x00,0x00,0x00}, {0x00,0x00,0x00}, {0x00,0x00,0x00}, {0x00,0x00,0x00}, {0x00,0x00,0x00}, {0x00,0x00,0x00}, {0x00,0x00,0x00}, {0x00,0x00,0x00}, {0x00,0x00,0x00}, {0x00,0x00,0x00}, {0x00,0x00,0x00}, {0x00,0x00,0x00}, {0x00,0x00,0x00}},
		{{0x00,0x00,0x00}, {0x00,0x00,0x00}, {0x00,0x00,0x00}, {0x00,0x00,0x00}, {0x00,0x00,0x00}, {0x00,0x00,0x00}, {0x00,0x00,0x00}, {0x00,0x00,0x00}, {0x00,0x00,0x00}, {0x00,0x00,0x00}, {0x00,0x00,0x00}, {0x00,0x00,0x00}, {0x00,0x00,0x00}, {0x01,0x01,0x01}, {0x21,0x23,0x2D}, {0x29,0x2B,0x3C}, {0x23,0x22,0x34}, {0x44,0x48,0x5E}, {0x3F,0x41,0x5C}, {0x2C,0x30,0x3B}, {0x29,0x2A,0x35}, {0x0F,0x0D,0x18}, {0x00,0x00,0x00}, {0x00,0x00,0x00}, {0x00,0x00,0x00}, {0x00,0x00,0x00}, {0x00,0x00,0x00}, {0x00,0x00,0x00}, {0x00,0x00,0x00}, {0x00,0x00,0x00}, {0x00,0x00,0x00}, {0x00,0x00,0x00}, {0x00,0x00,0x00}, {0x00,0x00,0x00}, {0x00,0x00,0x00}, {0x00,0x00,0x00}},
		{{0x00,0x00,0x00}, {0x00,0x00,0x00}, {0x00,0x00,0x00}, {0x00,0x00,0x00}, {0x00,0x00,0x00}, {0x00,0x00,0x00}, {0x00,0x00,0x00}, {0x00,0x00,0x00}, {0x00,0x00,0x00}, {0x00,0x00,0x00}, {0x00,0x00,0x00}, {0x00,0x00,0x00}, {0x00,0x00,0x00}, {0x00,0x00,0x00}, {0x00,0x00,0x00}, {0x00,0x00,0x00}, {0x00,0x00,0x00}, {0x09,0x0A,0x09}, {0x12,0x15,0x17}, {0x19,0x1B,0x20}, {0x0F,0x0F,0x11}, {0x00,0x00,0x00}, {0x00,0x00,0x00}, {0x00,0x00,0x00}, {0x00,0x00,0x00}, {0x00,0x00,0x00}, {0x00,0x00,0x00}, {0x00,0x00,0x00}, {0x00,0x00,0x00}, {0x00,0x00,0x00}, {0x00,0x00,0x00}, {0x00,0x00,0x00}, {0x00,0x00,0x00}, {0x00,0x00,0x00}, {0x00,0x00,0x00}, {0x00,0x00,0x00}},
	},
	{
		{{0x00,0x00,0x00}, {0x00,0x00,0x00}, {0x00,0x00,0x00}, {0x00,0x00,0x00}, {0x00,0x00,0x00}, {0x00,0x00,0x00}, {0x00,0x00,0x00}, {0x00,0x00,0x00}, {0x00,0x00,0x00}, {0x00,0x00,0x00}, {0x00,0x00,0x00}, {0x00,0x00,0x00}, {0x00,0x00,0x00}, {0x00,0x00,0x00}, {0x00,0x00,0x00}, {0x00,0x00,0x00}, {0x00,0x00,0x00}, {0x00,0x00,0x00}, {0x00,0x00,0x00}, {0x00,0x00,0x00}, {0x00,0x00,0x00}, {0x00,0x00,0x00}, {0x00,0x00,0x00}, {0x00,0x00,0x00}, {0x00,0x00,0x00}, {0x00,0x00,0x00}, {0x00,0x00,0x00}, {0x00,0x00,0x00}, {0x00,0x00,0x00}, {0x00,0x00,0x00}, {0x00,0x00,0x00}, {0x00,0x00,0x00}, {0x00,0x00,0x00}, {0x00,0x00,0x00}, {0x00,0x00,0x00}, {0x00,0x00,0x00}},
		{{0x00,0x00,0x00}, {0x00,0x00,0x00}, {0x00,0x00,0x00}, {0x00,0x00,0x00}, {0x00,0x00,0x00}, {0x00,0x00,0x00}, {0x00,0x00,0x00}, {0x00,0x00,0x00}, {0x00,0x00,0x00}, {0x00,0x00,0x00}, {0x00,0x00,0x00}, {0x00,0x00,0x00}, {0x00,0x00,0x00}, {0x00,0x00,0x00}, {0x00,0x00,0x00}, {0x00,0x00,0x00}, {0x00,0x00,0x00}, {0x00,0x00,0x00}, {0x00,0x00,0x00}, {0x00,0x00,0x00}, {0x00,0x00,0x00}, {0x00,0x00,0x00}, {0x00,0x00,0x00}, {0x00,0x00,0x00}, {0x00,0x00,0x00}, {0x00,0x00,0x00}, {0x00,0x00,0x00}, {0x00,0x00,0x00}, {0x00,0x00,0x00}, {0x00,0x00,0x00}, {0x00,0x00,0x00}, {0x00,0x00,0x00}, {0x00,0x00,0x00}, {0x00,0x00,0x00}, {0x00,0x00,0x00}, {0x00,0x00,0x00}},
		{{0x00,0x00,0x00}, {0x00,0x00,0x00}, {0x00,0x00,0x00}, {0x00,0x00,0x00}, {0x00,0x00,0x00}, {0x00,0x00,0x00}, {0x00,0x00,0x00}, {0x00,0x00,0x00}, {0x00,0x00,0x00}, {0x00,0x00,0x00}, {0x00,0x00,0x00}, {0x00,0x00,0x00}, {0x00,0x00,0x00}, {0x00,0x00,0x00}, {0x00,0x00,0x00}, {0x00,0x00,0x00}, {0x00,0x00,0x00}, {0x00,0x00,0x00}, {0x00,0x00,0x00}, {0x00,0x00,0x00}, {0x00,0x00,0x00}, {0x00,0x00,0x00}, {0x00,0x00,0x00}, {0x00,0x00,0x00}, {0x00,0x00,0x00}, {0x00,0x00,0x00}, {0x00,0x00,0x00}, {0x00,0x00,0x00}, {0x00,0x00,0x00}, {0x00,0x00,0x00}, {0x00,0x00,0x00}, {0x00,0x00,0x00}, {0x00,0x00,0x00}, {0x00,0x00,0x00}, {0x00,0x00,0x00}, {0x00,0x00,0x00}},
		{{0x00,0x00,0x00}, {0x00,0x00,0x00}, {0x00,0x00,0x00}, {0x00,0x00,0x00}, {0x00,0x00,0x00}, {0x00,0x00,0x00}, {0x00,0x00,0x00}, {0x00,0x00,0x00}, {0x00,0x00,0x00}, {0x00,0x00,0x00}, {0x00,0x00,0x00}, {0x00,0x00,0x00}, {0x00,0x00,0x00}, {0x00,0x00,0x00}, {0x00,0x00,0x00}, {0x00,0x00,0x00}, {0x00,0x00,0x00}, {0x00,0x00,0x00}, {0x00,0x00,0x00}, {0x00,0x00,0x00}, {0x00,0x00,0x00}, {0x00,0x00,0x00}, {0x00,0x00,0x00}, {0x00,0x00,0x00}, {0x00,0x00,0x00}, {0x00,0x00,0x00}, {0x00,0x00,0x00}, {0x00,0x00,0x00}, {0x00,0x00,0x00}, {0x00,0x00,0x00}, {0x00,0x00,0x00}, {0x00,0x00,0x00}, {0x00,0x00,0x00}, {0x00,0x00,0x00}, {0x00,0x00,0x00}, {0x00,0x00,0x00}},
		{{0x00,0x00,0x00}, {0x00,0x00,0x00}, {0x00,0x00,0x00}, {0x00,0x00,0x00}, {0x00,0x00,0x00}, {0x00,0x00,0x00}, {0x00,0x00,0x00}, {0x00,0x00,0x00}, {0x00,0x00,0x00}, {0x00,0x00,0x00}, {0x00,0x00,0x00}, {0x00,0x00,0x00}, {0x00,0x00,0x00}, {0x04,0x03,0x05}, {0x02,0x01,0x02}, {0x00,0x00,0x00}, {0x00,0x00,0x00}, {0x00,0x00,0x00}, {0x00,0x00,0x00}, {0x00,0x00,0x00}, {0x00,0x00,0x00}, {0x00,0x00,0x00}, {0x00,0x00,0x00}, {0x00,0x00,0x00}, {0x00,0x00,0x00}, {0x00,0x00,0x00}, {0x00,0x00,0x00}, {0x00,0x00,0x00}, {0x00,0x00,0x00}, {0x00,0x00,0x00}, {0x00,0x00,0x00}, {0x00,0x00,0x00}, {0x00,0x00,0x00}, {0x00,0x00,0x00}, {0x00,0x00,0x00}, {0x00,0x00,0x00}},
		{{0x00,0x00,0x00}, {0x00,0x00,0x00}, {0x00,0x00,0x00}, {0x00,0x00,0x00}, {0x00,0x00,0x00}, {0x00,0x00,0x00}, {0x00,0x00,0x00}, {0x00,0x00,0x00}, {0x00,0x00,0x00}, {0x00,0x00,0x00}, {0x00,0x00,0x00}, {0x03,0x02,0x05}, {0x0C,0x0B,0x10}, {0x13,0x13,0x19}, {0x20,0x23,0x2A}, {0x2C,0x35,0x3B}, {0x1F,0x24,0x2C}, {0x1B,0x1A,0x25}, {0x1A,0x1C,0x24}, {0x06,0x07,0x08}, {0x00,0x00,0x00}, {0x00,0x00,0x00}, {0x00,0x00,0x01}, {0x02,0x02,0x02}, {0x00,0x00,0x00}, {0x00,0x00,0x00}, {0x00,0x00,0x00}, {0x00,0x00,0x00}, {0x00,0x00,0x00}, {0x00,0x00,0x00}, {0x00,0x00,0x00}, {0x00,0x00,0x00}, {0x00,0x00,0x00}, {0x00,0x00,0x00}, {0x00,0x00,0x00}, {0x00,0x00,0x00}},
		{{0x00,0x00,0x00}, {0x00,0x00,0x00}, {0x00,0x00,0x00}, {0x00,0x00,0x00}, {0x00,0x00,0x00}, {0x00,0x00,0x00}, {0x00,0x00,0x00}, {0x01,0x01,0x02}, {0x0E,0x0F,0x12}, {0x55,0x6E,0x6F}, {0x83,0xAC,0xAA}, {0x8A,0xB5,0xB4}, {0x90,0xBD,0xBC}, {0x8D,0xB9,0xB7}, {0x89,0xB4,0xB2}, {0x8A,0xB5,0xB4}, {0x89,0xB2,0xB4}, {0x72,0x92,0x96}, {0x5D,0x73,0x7C}, {0x40,0x4B,0x58}, {0x18,0x17,0x27}, {0x16,0x14,0x1C}, {0x46,0x44,0x43}, {0x01,0x01,0x02}, {0x00,0x00,0x00}, {0x00,0x00,0x00}, {0x00,0x00,0x00}, {0x00,0x00,0x00}, {0x00,0x00,0x00}, {0x00,0x00,0x00}, {0x00,0x00,0x00}, {0x00,0x00,0x00}, {0x00,0x00,0x00}, {0x00,0x00,0x00}, {0x00,0x00,0x00}, {0x00,0x00,0x00}},
		{{0x00,0x00,0x00}, {0x00,0x00,0x00}, {0x00,0x00,0x00}, {0x00,0x00,0x00}, {0x00,0x00,0x00}, {0x00,0x00,0x00}, {0x00,0x00,0x00}, {0x00,0x00,0x00}, {0x00,0x00,0x00}, {0x1B,0x23,0x22}, {0x8E,0xBD,0xB7}, {0xBE,0xFD,0xF5}, {0xBA,0xF8,0xEF}, {0xB8,0xF5,0xED}, {0xBA,0xF8,0xEF}, {0xBF,0xFE,0xF5}, {0x99,0xC6,0xCA}, {0x70,0x86,0x9B}, {0x6E,0x85,0x98}, {0x60,0x71,0x85}, {0x36,0x37,0x50}, {0x29,0x1E,0x44}, {0x4F,0x48,0x5A}, {0x29,0x29,0x28}, {0x29,0x28,0x2B}, {0x00,0x00,0x00}, {0x00,0x00,0x00}, {0x00,0x00,0x00}, {0x00,0x00,0x00}, {0x00,0x00,0x00}, {0x00,0x00,0x00}, {0x00,0x00,0x00}, {0x00,0x00,0x00}, {0x00,0x00,0x00}, {0x00,0x00,0x00}, {0x00,0x00,0x00}},
		{{0x00,0x00,0x00}, {0x00,0x00,0x00}, {0x00,0x00,0x00}, {0x00,0x00,0x00}, {0x00,0x00,0x00}, {0x00,0x00,0x00}, {0x00,0x00,0x00}, {0x00,0x00,0x00}, {0x00,0x00,0x00}, {0x00,0x00,0x00}, {0x14,0x1A,0x1A}, {0xA5,0xDC,0xD5}, {0xB9,0xF7,0xEF}, {0xBA,0xF9,0xEF}, {0xBA,0xF9,0xEF}, {0xBD,0xFE,0xF3}, {0x95,0xC0,0xC4}, {0x31,0x20,0x58}, {0x2C,0x1D,0x4F}, {0x59,0x65,0x80}, {0x78,0x95,0xA2}, {0x40,0x4B,0x5C}, {0x22,0x20,0x27}, {0x8C,0x89,0x85}, {0x7B,0x78,0x7C}, {0x12,0x10,0x1C}, {0x02,0x02,0x04}, {0x00,0x00,0x00}, {0x00,0x00,0x00}, {0x00,0x00,0x00}, {0x00,0x00,0x00}, {0x00,0x00,0x00}, {0x00,0x00,0x00}, {0x00,0x00,0x00}, {0x00,0x00,0x00}, {0x00,0x00,0x00}},
		{{0x00,0x00,0x00}, {0x00,0x00,0x00}, {0x00,0x00,0x00}, {0x00,0x00,0x00}, {0x00,0x00,0x00}, {0x00,0x00,0x00}, {0x00,0x00,0x00}, {0x00,0x00,0x00}, {0x00,0x00,0x00}, {0x00,0x00,0x00}, {0x00,0x00,0x00}, {0x72,0x99,0x93}, {0xB6,0xF2,0xEA}, {0x8C,0xB3,0xBB}, {0x6C,0x81,0x96}, {0x5E,0x6A,0x87}, {0x62,0x71,0x8C}, {0x40,0x3C,0x65}, {0x37,0x24,0x62}, {0x45,0x3D,0x6F}, {0x5D,0x6E,0x81}, {0x1D,0x1B,0x2F}, {0x1A,0x11,0x30}, {0x33,0x2A,0x55}, {0x47,0x3A,0x6E}, {0x41,0x3D,0x6A}, {0x33,0x2D,0x55}, {0x11,0x0D,0x1C}, {0x00,0x00,0x00}, {0x00,0x00,0x00}, {0x00,0x00,0x00}, {0x00,0x00,0x00}, {0x00,0x00,0x00}, {0x00,0x00,0x00}, {0x00,0x00,0x00}, {0x00,0x00,0x00}},
		{{0x00,0x00,0x00}, {0x00,0x00,0x00}, {0x00,0x00,0x00}, {0x00,0x00,0x00}, {0x00,0x00,0x00}, {0x00,0x00,0x00}, {0x00,0x00,0x00}, {0x00,0x00,0x00}, {0x00,0x00,0x00}, {0x00,0x00,0x00}, {0x06,0x04,0x09}, {0x41,0x48,0x5E}, {0x54,0x54,0x80}, {0x3C,0x30,0x65}, {0x3A,0x2D,0x63}, {0x48,0x40,0x74}, {0x49,0x42,0x76}, {0x40,0x35,0x6A}, {0x3B,0x2F,0x63}, {0x3D,0x33,0x66}, {0x33,0x25,0x5A}, {0x45,0x3D,0x6F}, {0x64,0x67,0x96}, {0x77,0x8D,0xA6}, {0x5D,0x73,0x80}, {0x25,0x28,0x35}, {0x0F,0x0C,0x1A}, {0x06,0x05,0x0A}, {0x00,0x00,0x00}, {0x00,0x00,0x00}, {0x00,0x00,0x00}, {0x00,0x00,0x00}, {0x00,0x00,0x00}, {0x00,0x00,0x00}, {0x00,0x00,0x00}, {0x00,0x00,0x00}},
		{{0x00,0x00,0x00}, {0x00,0x00,0x00}, {0x00,0x00,0x00}, {0x04,0x04,0x05}, {0x39,0x4A,0x4A}, {0x28,0x2F,0x38}, {0x0D,0x08,0x17}, {0x0F,0x0B,0x19}, {0x17,0x10,0x26}, {0x24,0x19,0x3E}, {0x2E,0x1F,0x51}, {0x30,0x27,0x50}, {0x35,0x3B,0x4C}, {0x2A,0x31,0x3A}, {0x3C,0x2F,0x64}, {0x43,0x3D,0x6C}, {0x48,0x4A,0x6C}, {0x3B,0x36,0x5F}, {0x3E,0x35,0x66}, {0x44,0x3C,0x6F}, {0x3A,0x30,0x61}, {0x61,0x75,0x87}, {0x58,0x71,0x74}, {0x25,0x31,0x30}, {0x04,0x05,0x05}, {0x00,0x00,0x00}, {0x00,0x00,0x00}, {0x00,0x00,0x00}, {0x00,0x00,0x00}, {0x00,0x00,0x00}, {0x00,0x00,0x00}, {0x00,0x00,0x00}, {0x00,0x00,0x00}, {0x00,0x00,0x00}, {0x00,0x00,0x00}, {0x00,0x00,0x00}},
		{{0x00,0x00,0x00}, {0x00,0x00,0x00}, {0x00,0x00,0x00}, {0x00,0x00,0x00}, {0x13,0x19,0x19}, {0x28,0x2B,0x3A}, {0x1E,0x15,0x35}, {0x21,0x17,0x39}, {0x1E,0x15,0x34}, {0x13,0x0E,0x21}, {0x07,0x05,0x0C}, {0x01,0x02,0x01}, {0x00,0x00,0x00}, {0x02,0x00,0x04}, {0x40,0x38,0x67}, {0x35,0x2C,0x59}, {0x34,0x26,0x5A}, {0x28,0x1A,0x46}, {0x18,0x19,0x22}, {0x17,0x19,0x21}, {0x14,0x11,0x24}, {0x2B,0x22,0x48}, {0x07,0x03,0x0D}, {0x00,0x00,0x00}, {0x00,0x00,0x00}, {0x00,0x00,0x00}, {0x00,0x00,0x00}, {0x00,0x00,0x00}, {0x00,0x00,0x00}, {0x00,0x00,0x00}, {0x00,0x00,0x00}, {0x00,0x00,0x00}, {0x00,0x00,0x00}, {0x00,0x00,0x00}, {0x00,0x00,0x00}, {0x00,0x00,0x00}},
		{{0x00,0x00,0x00}, {0x00,0x00,0x00}, {0x00,0x00,0x00}, {0x00,0x00,0x00}, {0x00,0x00,0x00}, {0x00,0x00,0x00}, {0x00,0x00,0x00}, {0x00,0x00,0x00}, {0x00,0x00,0x00}, {0x00,0x00,0x00}, {0x00,0x00,0x00}, {0x00,0x00,0x00}, {0x00,0x00,0x00}, {0x24,0x20,0x39}, {0x27,0x1F,0x41}, {0x22,0x1C,0x38}, {0x31,0x27,0x51}, {0x05,0x03,0x07}, {0x00,0x00,0x00}, {0x00,0x00,0x00}, {0x06,0x06,0x06}, {0x28,0x28,0x3B}, {0x0B,0x09,0x11}, {0x00,0x00,0x00}, {0x00,0x00,0x00}, {0x00,0x00,0x00}, {0x00,0x00,0x00}, {0x00,0x00,0x00}, {0x00,0x00,0x00}, {0x00,0x00,0x00}, {0x00,0x00,0x00}, {0x00,0x00,0x00}, {0x00,0x00,0x00}, {0x00,0x00,0x00}, {0x00,0x00,0x00}, {0x00,0x00,0x00}},
		{{0x00,0x00,0x00}, {0x00,0x00,0x00}, {0x00,0x00,0x00}, {0x00,0x00,0x00}, {0x00,0x00,0x00}, {0x00,0x00,0x00}, {0x00,0x00,0x00}, {0x00,0x00,0x00}, {0x00,0x00,0x00}, {0x00,0x00,0x00}, {0x00,0x00,0x00}, {0x00,0x00,0x00}, {0x00,0x00,0x00}, {0x1B,0x1C,0x29}, {0x29,0x21,0x46}, {0x0C,0x0C,0x14}, {0x2F,0x30,0x43}, {0x2F,0x2D,0x46}, {0x29,0x29,0x3F}, {0x1E,0x1F,0x2A}, {0x18,0x18,0x1C}, {0x09,0x09,0x0C}, {0x00,0x00,0x00}, {0x00,0x00,0x00}, {0x00,0x00,0x00}, {0x00,0x00,0x00}, {0x00,0x00,0x00}, {0x00,0x00,0x00}, {0x00,0x00,0x00}, {0x00,0x00,0x00}, {0x00,0x00,0x00}, {0x00,0x00,0x00}, {0x00,0x00,0x00}, {0x00,0x00,0x00}, {0x00,0x00,0x00}, {0x00,0x00,0x00}},
		{{0x00,0x00,0x00}, {0x00,0x00,0x00}, {0x00,0x00,0x00}, {0x00,0x00,0x00}, {0x00,0x00,0x00}, {0x00,0x00,0x00}, {0x00,0x00,0x00}, {0x00,0x00,0x00}, {0x00,0x00,0x00}, {0x00,0x00,0x00}, {0x00,0x00,0x00}, {0x00,0x00,0x00}, {0x00,0x00,0x00}, {0x00,0x01,0x00}, {0x2A,0x2A,0x3F}, {0x1D,0x1A,0x2A}, {0x21,0x21,0x25}, {0x15,0x15,0x19}, {0x10,0x13,0x17}, {0x12,0x14,0x19}, {0x11,0x10,0x13}, {0x00,0x00,0x00}, {0x00,0x00,0x00}, {0x00,0x00,0x00}, {0x00,0x00,0x00}, {0x00,0x00,0x00}, {0x00,0x00,0x00}, {0x00,0x00,0x00}, {0x00,0x00,0x00}, {0x00,0x00,0x00}, {0x00,0x00,0x00}, {0x00,0x00,0x00}, {0x00,0x00,0x00}, {0x00,0x00,0x00}, {0x00,0x00,0x00}, {0x00,0x00,0x00}},
	},
	{
		{{0x00,0x00,0x00}, {0x00,0x00,0x00}, {0x00,0x00,0x00}, {0x00,0x00,0x00}, {0x00,0x00,0x00}, {0x00,0x00,0x00}, {0x00,0x00,0x00}, {0x00,0x00,0x00}, {0x00,0x00,0x00}, {0x00,0x00,0x00}, {0x00,0x00,0x00}, {0x00,0x00,0x00}, {0x00,0x00,0x00}, {0x00,0x00,0x00}, {0x00,0x00,0x00}, {0x00,0x00,0x00}, {0x00,0x00,0x00}, {0x00,0x00,0x00}, {0x00,0x00,0x00}, {0x00,0x00,0x00}, {0x00,0x00,0x00}, {0x00,0x00,0x00}, {0x00,0x00,0x00}, {0x00,0x00,0x00}, {0x00,0x00,0x00}, {0x00,0x00,0x00}, {0x00,0x00,0x00}, {0x00,0x00,0x00}, {0x00,0x00,0x00}, {0x00,0x00,0x00}, {0x00,0x00,0x00}, {0x00,0x00,0x00}, {0x00,0x00,0x00}, {0x00,0x00,0x00}, {0x00,0x00,0x00}, {0x00,0x00,0x00}},
		{{0x00,0x00,0x00}, {0x00,0x00,0x00}, {0x00,0x00,0x00}, {0x00,0x00,0x00}, {0x00,0x00,0x00}, {0x00,0x00,0x00}, {0x00,0x00,0x00}, {0x00,0x00,0x00}, {0x00,0x00,0x00}, {0x00,0x00,0x00}, {0x00,0x00,0x00}, {0x00,0x00,0x00}, {0x00,0x00,0x00}, {0x00,0x00,0x00}, {0x00,0x00,0x00}, {0x00,0x00,0x00}, {0x00,0x00,0x00}, {0x00,0x00,0x00}, {0x00,0x00,0x00}, {0x00,0x00,0x00}, {0x00,0x00,0x00}, {0x00,0x00,0x00}, {0x00,0x00,0x00}, {0x00,0x00,0x00}, {0x00,0x00,0x00}, {0x00,0x00,0x00}, {0x00,0x00,0x00}, {0x00,0x00,0x00}, {0x00,0x00,0x00}, {0x00,0x00,0x00}, {0x00,0x00,0x00}, {0x00,0x00,0x00}, {0x00,0x00,0x00}, {0x00,0x00,0x00}, {0x00,0x00,0x00}, {0x00,0x00,0x00}},
		{{0x00,0x00,0x00}, {0x00,0x00,0x00}, {0x00,0x00,0x00}, {0x00,0x00,0x00}, {0x00,0x00,0x00}, {0x00,0x00,0x00}, {0x00,0x00,0x00}, {0x00,0x00,0x00}, {0x00,0x00,0x00}, {0x00,0x00,0x00}, {0x00,0x00,0x00}, {0x00,0x00,0x00}, {0x00,0x00,0x00}, {0x00,0x00,0x00}, {0x00,0x00,0x00}, {0x00,0x00,0x00}, {0x00,0x00,0x00}, {0x00,0x00,0x00}, {0x00,0x00,0x00}, {0x00,0x00,0x00}, {0x00,0x00,0x00}, {0x00,0x00,0x00}, {0x00,0x00,0x00}, {0x00,0x00,0x00}, {0x00,0x00,0x00}, {0x00,0x00,0x00}, {0x00,0x00,0x00}, {0x00,0x00,0x00}, {0x00,0x00,0x00}, {0x00,0x00,0x00}, {0x00,0x00,0x00}, {0x00,0x00,0x00}, {0x00,0x00,0x00}, {0x00,0x00,0x00}, {0x00,0x00,0x00}, {0x00,0x00,0x00}},
		{{0x00,0x00,0x00}, {0x00,0x00,0x00}, {0x00,0x00,0x00}, {0x00,0x00,0x00}, {0x00,0x00,0x00}, {0x00,0x00,0x00}, {0x00,0x00,0x00}, {0x00,0x00,0x00}, {0x00,0x00,0x00}, {0x00,0x00,0x00}, {0x00,0x00,0x00}, {0x00,0x00,0x00}, {0x00,0x00,0x00}, {0x00,0x00,0x00}, {0x00,0x00,0x00}, {0x00,0x00,0x00}, {0x00,0x00,0x00}, {0x00,0x00,0x00}, {0x00,0x00,0x00}, {0x00,0x00,0x00}, {0x00,0x00,0x00}, {0x00,0x00,0x00}, {0x00,0x00,0x00}, {0x00,0x00,0x00}, {0x00,0x00,0x00}, {0x00,0x00,0x00}, {0x00,0x00,0x00}, {0x00,0x00,0x00}, {0x00,0x00,0x00}, {0x00,0x00,0x00}, {0x00,0x00,0x00}, {0x00,0x00,0x00}, {0x00,0x00,0x00}, {0x00,0x00,0x00}, {0x00,0x00,0x00}, {0x00,0x00,0x00}},
		{{0x00,0x00,0x00}, {0x00,0x00,0x00}, {0x00,0x00,0x00}, {0x00,0x00,0x00}, {0x00,0x00,0x00}, {0x00,0x00,0x00}, {0x00,0x00,0x00}, {0x00,0x00,0x00}, {0x00,0x00,0x00}, {0x00,0x00,0x00}, {0x00,0x00,0x00}, {0x00,0x00,0x00}, {0x00,0x00,0x00}, {0x00,0x00,0x00}, {0x00,0x00,0x00}, {0x00,0x00,0x00}, {0x00,0x00,0x00}, {0x00,0x00,0x00}, {0x00,0x00,0x00}, {0x00,0x00,0x00}, {0x00,0x00,0x00}, {0x00,0x00,0x00}, {0x00,0x00,0x00}, {0x00,0x00,0x00}, {0x00,0x00,0x00}, {0x00,0x00,0x00}, {0x00,0x00,0x00}, {0x00,0x00,0x00}, {0x00,0x00,0x00}, {0x00,0x00,0x00}, {0x00,0x00,0x00}, {0x00,0x00,0x00}, {0x00,0x00,0x00}, {0x00,0x00,0x00}, {0x00,0x00,0x00}, {0x00,0x00,0x00}},
		{{0x00,0x00,0x00}, {0x00,0x00,0x00}, {0x00,0x00,0x00}, {0x00,0x00,0x00}, {0x00,0x00,0x00}, {0x00,0x00,0x00}, {0x00,0x00,0x00}, {0x00,0x00,0x00}, {0x00,0x00,0x00}, {0x00,0x00,0x00}, {0x00,0x00,0x00}, {0x01,0x00,0x01}, {0x0B,0x09,0x0F}, {0x10,0x10,0x16}, {0x29,0x32,0x36}, {0x22,0x29,0x2E}, {0x1E,0x1F,0x2A}, {0x1B,0x1C,0x26}, {0x29,0x2F,0x38}, {0x1F,0x23,0x2B}, {0x12,0x15,0x19}, {0x06,0x06,0x08}, {0x1B,0x1B,0x1C}, {0x06,0x06,0x07}, {0x00,0x00,0x00}, {0x00,0x00,0x00}, {0x00,0x00,0x00}, {0x00,0x00,0x00}, {0x00,0x00,0x00}, {0x00,0x00,0x00}, {0x00,0x00,0x00}, {0x00,0x00,0x00}, {0x00,0x00,0x00}, {0x00,0x00,0x00}, {0x00,0x00,0x00}, {0x00,0x00,0x00}},
		{{0x00,0x00,0x00}, {0x00,0x00,0x00}, {0x00,0x00,0x00}, {0x00,0x00,0x00}, {0x00,0x00,0x00}, {0x00,0x00,0x00}, {0x00,0x00,0x00}, {0x00,0x00,0x00}, {0x00,0x00,0x00}, {0x04,0x05,0x06}, {0x15,0x19,0x1B}, {0x2C,0x37,0x39}, {0x48,0x5B,0x5E}, {0x63,0x7D,0x82}, {0x7C,0xA0,0xA3}, {0x7C,0x9F,0xA5}, {0x78,0x98,0xA0}, {0x63,0x7B,0x86}, {0x54,0x64,0x75}, {0x46,0x4E,0x65}, {0x2F,0x2E,0x48}, {0x39,0x2E,0x55}, {0x6C,0x69,0x6A}, {0x00,0x00,0x00}, {0x05,0x05,0x06}, {0x00,0x00,0x00}, {0x00,0x00,0x00}, {0x00,0x00,0x00}, {0x00,0x00,0x00}, {0x00,0x00,0x00}, {0x00,0x00,0x00}, {0x00,0x00,0x00}, {0x00,0x00,0x00}, {0x00,0x00,0x00}, {0x00,0x00,0x00}, {0x00,0x00,0x00}},
		{{0x00,0x00,0x00}, {0x00,0x00,0x00}, {0x00,0x00,0x00}, {0x00,0x00,0x00}, {0x00,0x00,0x00}, {0x00,0x00,0x00}, {0x00,0x00,0x00}, {0x04,0x04,0x05}, {0x11,0x12,0x15}, {0x4C,0x63,0x62}, {0x9D,0xCF,0xCA}, {0xB3,0xEE,0xE7}, {0xB4,0xF0,0xE9}, {0xB6,0xF2,0xEA}, {0xB7,0xF4,0xEC}, {0xBC,0xFC,0xF2}, {0x82,0xA2,0xB1}, {0x54,0x5A,0x7C}, {0x56,0x5C,0x7F}, {0x5C,0x67,0x85}, {0x62,0x74,0x89}, {0x30,0x2F,0x44}, {0x7A,0x76,0x74}, {0x76,0x75,0x70}, {0x3A,0x3A,0x39}, {0x00,0x00,0x00}, {0x00,0x00,0x00}, {0x00,0x00,0x00}, {0x00,0x00,0x00}, {0x00,0x00,0x00}, {0x00,0x00,0x00}, {0x00,0x00,0x00}, {0x00,0x00,0x00}, {0x00,0x00,0x00}, {0x00,0x00,0x00}, {0x00,0x00,0x00}},
		{{0x00,0x00,0x00}, {0x00,0x00,0x00}, {0x00,0x00,0x00}, {0x00,0x00,0x00}, {0x00,0x00,0x00}, {0x00,0x00,0x00}, {0x00,0x00,0x00}, {0x01,0x01,0x02}, {0x01,0x01,0x02}, {0x03,0x03,0x03}, {0x32,0x41,0x41}, {0xAF,0xE9,0xE2}, {0xB9,0xF8,0xEF}, {0xB9,0xF7,0xED}, {0xB8,0xF6,0xEC}, {0xC0,0xFF,0xF6}, {0x8B,0xAF,0xBA}, {0x35,0x27,0x5D}, {0x63,0x74,0x8C}, {0xA3,0xD8,0xD3}, {0x5F,0x7E,0x79}, {0x00,0x00,0x00}, {0x15,0x11,0x1D}, {0x7A,0x72,0x85}, {0x71,0x6A,0x7A}, {0x26,0x23,0x3D}, {0x12,0x12,0x1D}, {0x05,0x05,0x08}, {0x00,0x00,0x00}, {0x00,0x00,0x00}, {0x00,0x00,0x00}, {0x00,0x00,0x00}, {0x00,0x00,0x00}, {0x00,0x00,0x00}, {0x00,0x00,0x00}, {0x00,0x00,0x00}},
		{{0x00,0x00,0x00}, {0x00,0x00,0x00}, {0x00,0x00,0x00}, {0x00,0x00,0x00}, {0x00,0x00,0x00}, {0x00,0x00,0x00}, {0x00,0x00,0x00}, {0x00,0x00,0x00}, {0x00,0x00,0x00}, {0x00,0x00,0x00}, {0x00,0x00,0x00}, {0x85,0xB1,0xAB}, {0xA1,0xD3,0xD3}, {0x86,0xAA,0xB3}, {0x72,0x89,0x9E}, {0x70,0x85,0x9D}, {0x70,0x86,0x9C}, {0x3C,0x33,0x64}, {0x34,0x1F,0x60}, {0x47,0x40,0x72}, {0x37,0x35,0x56}, {0x2F,0x22,0x51}, {0x42,0x37,0x6F}, {0x4E,0x4C,0x7E}, {0x42,0x38,0x6E}, {0x3D,0x36,0x66}, {0x34,0x2C,0x58}, {0x19,0x14,0x29}, {0x00,0x00,0x00}, {0x00,0x00,0x00}, {0x00,0x00,0x00}, {0x00,0x00,0x00}, {0x00,0x00,0x00}, {0x00,0x00,0x00}, {0x00,0x00,0x00}, {0x00,0x00,0x00}},
		{{0x00,0x00,0x00}, {0x00,0x00,0x00}, {0x00,0x00,0x00}, {0x00,0x00,0x00}, {0x00,0x00,0x00}, {0x00,0x00,0x00}, {0x00,0x00,0x00}, {0x00,0x00,0x00}, {0x05,0x03,0x07}, {0x0F,0x0B,0x19}, {0x1D,0x14,0x31}, {0x43,0x3E,0x6A}, {0x43,0x3B,0x6D}, {0x2D,0x1E,0x52}, {0x46,0x3D,0x71}, {0x43,0x38,0x6F}, {0x3E,0x2F,0x6B}, {0x41,0x35,0x6D}, {0x3E,0x34,0x67}, {0x3F,0x32,0x6C}, {0x34,0x28,0x59}, {0x6E,0x7C,0x9E}, {0x7A,0x94,0xA9}, {0x6D,0x8B,0x90}, {0x32,0x3D,0x43}, {0x0E,0x0E,0x15}, {0x06,0x05,0x0A}, {0x02,0x02,0x04}, {0x00,0x00,0x00}, {0x00,0x00,0x00}, {0x00,0x00,0x00}, {0x00,0x00,0x00}, {0x00,0x00,0x00}, {0x00,0x00,0x00}, {0x00,0x00,0x00}, {0x00,0x00,0x00}},
		{{0x00,0x00,0x00}, {0x00,0x00,0x00}, {0x00,0x00,0x00}, {0x06,0x06,0x07}, {0x1D,0x26,0x25}, {0x1B,0x1C,0x28}, {0x1A,0x11,0x2C}, {0x25,0x1A,0x3F}, {0x2D,0x1F,0x4D}, {0x2E,0x21,0x4F}, {0x25,0x1C,0x40}, {0x27,0x28,0x3B}, {0x39,0x43,0x4D}, {0x3C,0x33,0x64}, {0x41,0x38,0x69}, {0x45,0x4F,0x61}, {0x4D,0x5C,0x6C}, {0x47,0x45,0x6F}, {0x3D,0x33,0x65}, {0x46,0x41,0x6F}, {0x5A,0x6A,0x7E}, {0x53,0x69,0x6E}, {0x17,0x1F,0x1E}, {0x00,0x00,0x00}, {0x00,0x00,0x00}, {0x00,0x00,0x00}, {0x00,0x00,0x00}, {0x00,0x00,0x00}, {0x00,0x00,0x00}, {0x00,0x00,0x00}, {0x00,0x00,0x00}, {0x00,0x00,0x00}, {0x00,0x00,0x00}, {0x00,0x00,0x00}, {0x00,0x00,0x00}, {0x00,0x00,0x00}},
		{{0x00,0x00,0x00}, {0x00,0x00,0x00}, {0x00,0x00,0x00}, {0x05,0x05,0x06}, {0x21,0x2B,0x2A}, {0x24,0x25,0x32}, {0x12,0x0D,0x1F}, {0x0B,0x08,0x13}, {0x07,0x05,0x0A}, {0x02,0x02,0x03}, {0x00,0x00,0x00}, {0x00,0x00,0x00}, {0x24,0x1D,0x38}, {0x3E,0x34,0x66}, {0x33,0x22,0x5A}, {0x10,0x09,0x1C}, {0x21,0x24,0x24}, {0x2F,0x32,0x41}, {0x30,0x27,0x4F}, {0x2B,0x2F,0x3D}, {0x2C,0x23,0x49}, {0x27,0x19,0x47}, {0x0C,0x0A,0x15}, {0x00,0x00,0x00}, {0x00,0x00,0x00}, {0x00,0x00,0x00}, {0x00,0x00,0x00}, {0x00,0x00,0x00}, {0x00,0x00,0x00}, {0x00,0x00,0x00}, {0x00,0x00,0x00}, {0x00,0x00,0x00}, {0x00,0x00,0x00}, {0x00,0x00,0x00}, {0x00,0x00,0x00}, {0x00,0x00,0x00}},
		{{0x00,0x00,0x00}, {0x00,0x00,0x00}, {0x00,0x00,0x00}, {0x00,0x00,0x00}, {0x00,0x00,0x00}, {0x00,0x00,0x00}, {0x00,0x00,0x00}, {0x00,0x00,0x00}, {0x00,0x00,0x00}, {0x00,0x00,0x00}, {0x00,0x00,0x00}, {0x20,0x1C,0x33}, {0x32,0x2A,0x52}, {0x2A,0x25,0x43}, {0x2B,0x21,0x48}, {0x01,0x01,0x02}, {0x0F,0x10,0x14}, {0x2B,0x2B,0x40}, {0x18,0x12,0x28}, {0x00,0x00,0x00}, {0x10,0x10,0x14}, {0x2E,0x2A,0x44}, {0x0A,0x08,0x10}, {0x00,0x00,0x00}, {0x00,0x00,0x00}, {0x00,0x00,0x00}, {0x00,0x00,0x00}, {0x00,0x00,0x00}, {0x00,0x00,0x00}, {0x00,0x00,0x00}, {0x00,0x00,0x00}, {0x00,0x00,0x00}, {0x00,0x00,0x00}, {0x00,0x00,0x00}, {0x00,0x00,0x00}, {0x00,0x00,0x00}},
		{{0x00,0x00,0x00}, {0x00,0x00,0x00}, {0x00,0x00,0x00}, {0x00,0x00,0x00}, {0x00,0x00,0x00}, {0x00,0x00,0x00}, {0x00,0x00,0x00}, {0x00,0x00,0x00}, {0x00,0x00,0x00}, {0x00,0x00,0x00}, {0x03,0x03,0x02}, {0x3A,0x33,0x52}, {0x1E,0x15,0x33}, {0x2A,0x30,0x2F}, {0x4A,0x4F,0x6B}, {0x05,0x03,0x09}, {0x00,0x00,0x00}, {0x00,0x00,0x00}, {0x00,0x00,0x00}, {0x00,0x00,0x00}, {0x0F,0x0E,0x12}, {0x0B,0x0B,0x0F}, {0x00,0x00,0x00}, {0x00,0x00,0x00}, {0x00,0x00,0x00}, {0x00,0x00,0x00}, {0x00,0x00,0x00}, {0x00,0x00,0x00}, {0x00,0x00,0x00}, {0x00,0x00,0x00}, {0x00,0x00,0x00}, {0x00,0x00,0x00}, {0x00,0x00,0x00}, {0x00,0x00,0x00}, {0x00,0x00,0x00}, {0x00,0x00,0x00}},
		{{0x00,0x00,0x00}, {0x00,0x00,0x00}, {0x00,0x00,0x00}, {0x00,0x00,0x00}, {0x00,0x00,0x00}, {0x00,0x00,0x00}, {0x00,0x00,0x00}, {0x00,0x00,0x00}, {0x00,0x00,0x00}, {0x00,0x00,0x00}, {0x01,0x01,0x00}, {0x29,0x29,0x35}, {0x36,0x33,0x4D}, {0x33,0x33,0x3A}, {0x43,0x48,0x53}, {0x39,0x3B,0x54}, {0x1F,0x20,0x2D}, {0x01,0x01,0x01}, {0x00,0x00,0x00}, {0x00,0x00,0x00}, {0x00,0x00,0x00}, {0x00,0x00,0x00}, {0x00,0x00,0x00}, {0x00,0x00,0x00}, {0x00,0x00,0x00}, {0x00,0x00,0x00}, {0x00,0x00,0x00}, {0x00,0x00,0x00}, {0x00,0x00,0x00}, {0x00,0x00,0x00}, {0x00,0x00,0x00}, {0x00,0x00,0x00}, {0x00,0x00,0x00}, {0x00,0x00,0x00}, {0x00,0x00,0x00}, {0x00,0x00,0x00}},
	},
	{
		{{0x00,0x00,0x00}, {0x00,0x00,0x00}, {0x00,0x00,0x00}, {0x00,0x00,0x00}, {0x00,0x00,0x00}, {0x00,0x00,0x00}, {0x00,0x00,0x00}, {0x00,0x00,0x00}, {0x00,0x00,0x00}, {0x00,0x00,0x00}, {0x00,0x00,0x00}, {0x00,0x00,0x00}, {0x00,0x00,0x00}, {0x00,0x00,0x00}, {0x00,0x00,0x00}, {0x00,0x00,0x00}, {0x00,0x00,0x00}, {0x00,0x00,0x00}, {0x00,0x00,0x00}, {0x00,0x00,0x00}, {0x00,0x00,0x00}, {0x00,0x00,0x00}, {0x00,0x00,0x00}, {0x00,0x00,0x00}, {0x00,0x00,0x00}, {0x00,0x00,0x00}, {0x00,0x00,0x00}, {0x00,0x00,0x00}, {0x00,0x00,0x00}, {0x00,0x00,0x00}, {0x00,0x00,0x00}, {0x00,0x00,0x00}, {0x00,0x00,0x00}, {0x00,0x00,0x00}, {0x00,0x00,0x00}, {0x00,0x00,0x00}},
		{{0x00,0x00,0x00}, {0x00,0x00,0x00}, {0x00,0x00,0x00}, {0x00,0x00,0x00}, {0x00,0x00,0x00}, {0x00,0x00,0x00}, {0x00,0x00,0x00}, {0x00,0x00,0x00}, {0x00,0x00,0x00}, {0x00,0x00,0x00}, {0x00,0x00,0x00}, {0x00,0x00,0x00}, {0x00,0x00,0x00}, {0x00,0x00,0x00}, {0x00,0x00,0x00}, {0x00,0x00,0x00}, {0x00,0x00,0x00}, {0x00,0x00,0x00}, {0x00,0x00,0x00}, {0x00,0x00,0x00}, {0x00,0x00,0x00}, {0x00,0x00,0x00}, {0x00,0x00,0x00}, {0x00,0x00,0x00}, {0x00,0x00,0x00}, {0x00,0x00,0x00}, {0x00,0x00,0x00}, {0x00,0x00,0x00}, {0x00,0x00,0x00}, {0x00,0x00,0x00}, {0x00,0x00,0x00}, {0x00,0x00,0x00}, {0x00,0x00,0x00}, {0x00,0x00,0x00}, {0x00,0x00,0x00}, {0x00,0x00,0x00}},
		{{0x00,0x00,0x00}, {0x00,0x00,0x00}, {0x00,0x00,0x00}, {0x00,0x00,0x00}, {0x00,0x00,0x00}, {0x00,0x00,0x00}, {0x00,0x00,0x00}, {0x00,0x00,0x00}, {0x00,0x00,0x00}, {0x00,0x00,0x00}, {0x00,0x00,0x00}, {0x00,0x00,0x00}, {0x00,0x00,0x00}, {0x00,0x00,0x00}, {0x00,0x00,0x00}, {0x00,0x00,0x00}, {0x00,0x00,0x00}, {0x00,0x00,0x00}, {0x00,0x00,0x00}, {0x00,0x00,0x00}, {0x00,0x00,0x00}, {0x00,0x00,0x00}, {0x00,0x00,0x00}, {0x00,0x00,0x00}, {0x00,0x00,0x00}, {0x00,0x00,0x00}, {0x00,0x00,0x00}, {0x00,0x00,0x00}, {0x00,0x00,0x00}, {0x00,0x00,0x00}, {0x00,0x00,0x00}, {0x00,0x00,0x00}, {0x00,0x00,0x00}, {0x00,0x00,0x00}, {0x00,0x00,0x00}, {0x00,0x00,0x00}},
		{{0x00,0x00,0x00}, {0x00,0x00,0x00}, {0x00,0x00,0x00}, {0x00,0x00,0x00}, {0x00,0x00,0x00}, {0x00,0x00,0x00}, {0x00,0x00,0x00}, {0x00,0x00,0x00}, {0x00,0x00,0x00}, {0x00,0x00,0x00}, {0x00,0x00,0x00}, {0x00,0x00,0x00}, {0x00,0x00,0x00}, {0x00,0x00,0x00}, {0x00,0x00,0x00}, {0x00,0x00,0x00}, {0x00,0x00,0x00}, {0x00,0x00,0x00}, {0x00,0x00,0x00}, {0x00,0x00,0x00}, {0x00,0x00,0x00}, {0x00,0x00,0x00}, {0x00,0x00,0x00}, {0x00,0x00,0x00}, {0x00,0x00,0x00}, {0x00,0x00,0x00}, {0x00,0x00,0x00}, {0x00,0x00,0x00}, {0x00,0x00,0x00}, {0x00,0x00,0x00}, {0x00,0x00,0x00}, {0x00,0x00,0x00}, {0x00,0x00,0x00}, {0x00,0x00,0x00}, {0x00,0x00,0x00}, {0x00,0x00,0x00}},
		{{0x00,0x00,0x00}, {0x00,0x00,0x00}, {0x00,0x00,0x00}, {0x00,0x00,0x00}, {0x00,0x00,0x00}, {0x00,0x00,0x00}, {0x00,0x00,0x00}, {0x00,0x00,0x00}, {0x00,0x00,0x00}, {0x00,0x00,0x00}, {0x00,0x00,0x00}, {0x00,0x00,0x00}, {0x01,0x01,0x01}, {0x04,0x03,0x05}, {0x06,0x06,0x08}, {0x01,0x00,0x01}, {0x00,0x00,0x00}, {0x02,0x01,0x02}, {0x00,0x00,0x00}, {0x00,0x00,0x00}, {0x00,0x00,0x00}, {0x00,0x00,0x00}, {0x00,0x00,0x00}, {0x01,0x01,0x01}, {0x00,0x00,0x00}, {0x00,0x00,0x00}, {0x00,0x00,0x00}, {0x00,0x00,0x00}, {0x00,0x00,0x00}, {0x00,0x00,0x00}, {0x00,0x00,0x00}, {0x00,0x00,0x00}, {0x00,0x00,0x00}, {0x00,0x00,0x00}, {0x00,0x00,0x00}, {0x00,0x00,0x00}},
		{{0x00,0x00,0x00}, {0x00,0x00,0x00}, {0x00,0x00,0x00}, {0x00,0x00,0x00}, {0x00,0x00,0x00}, {0x00,0x00,0x00}, {0x00,0x00,0x00}, {0x00,0x00,0x00}, {0x00,0x00,0x00}, {0x00,0x00,0x00}, {0x00,0x00,0x00}, {0x01,0x00,0x03}, {0x07,0x05,0x09}, {0x0C,0x0A,0x10}, {0x26,0x2A,0x33}, {0x4C,0x5C,0x66}, {0x46,0x53,0x60}, {0x41,0x4B,0x5A}, {0x45,0x54,0x5E}, {0x31,0x3B,0x41}, {0x19,0x19,0x24}, {0x28,0x27,0x2A}, {0x45,0x43,0x43}, {0x02,0x01,0x02}, {0x00,0x00,0x00}, {0x00,0x00,0x00}, {0x00,0x00,0x00}, {0x00,0x00,0x00}, {0x00,0x00,0x00}, {0x00,0x00,0x00}, {0x00,0x00,0x00}, {0x00,0x00,0x00}, {0x00,0x00,0x00}, {0x00,0x00,0x00}, {0x00,0x00,0x00}, {0x00,0x00,0x00}},
		{{0x00,0x00,0x00}, {0x00,0x00,0x00}, {0x00,0x00,0x00}, {0x00,0x00,0x00}, {0x00,0x00,0x00}, {0x00,0x00,0x00}, {0x00,0x00,0x00}, {0x01,0x01,0x01}, {0x0B,0x0B,0x10}, {0x33,0x41,0x42}, {0x7E,0xA5,0xA4}, {0x8B,0xB6,0xB5}, {0x90,0xBD,0xBB}, {0x90,0xBE,0xBB}, {0x90,0xBE,0xBB}, {0x95,0xC4,0xC2}, {0x95,0xC3,0xC2}, {0x8F,0xBB,0xBB}, {0x7C,0x9E,0xA4}, {0x5E,0x73,0x7F}, {0x35,0x39,0x4D}, {0x47,0x3A,0x63}, {0x43,0x41,0x43}, {0x11,0x11,0x13}, {0x18,0x18,0x19}, {0x00,0x00,0x00}, {0x00,0x00,0x00}, {0x00,0x00,0x00}, {0x00,0x00,0x00}, {0x00,0x00,0x00}, {0x00,0x00,0x00}, {0x00,0x00,0x00}, {0x00,0x00,0x00}, {0x00,0x00,0x00}, {0x00,0x00,0x00}, {0x00,0x00,0x00}},
		{{0x00,0x00,0x00}, {0x00,0x00,0x00}, {0x00,0x00,0x00}, {0x00,0x00,0x00}, {0x00,0x00,0x00}, {0x00,0x00,0x00}, {0x00,0x00,0x00}, {0x00,0x00,0x00}, {0x00,0x00,0x01}, {0x06,0x08,0x08}, {0x64,0x84,0x81}, {0xBD,0xFB,0xF3}, {0xB6,0xF3,0xEB}, {0xB5,0xF2,0xEA}, {0xB9,0xF7,0xEF}, {0xBD,0xFC,0xF3}, {0x97,0xC3,0xC9}, {0x70,0x85,0x9C}, {0x5A,0x61,0x84}, {0x51,0x56,0x79}, {0x60,0x6D,0x89}, {0x30,0x34,0x48}, {0x40,0x3F,0x3D}, {0x9B,0x98,0x93}, {0x5F,0x5E,0x5D}, {0x07,0x06,0x0A}, {0x00,0x00,0x00}, {0x00,0x00,0x00}, {0x00,0x00,0x00}, {0x00,0x00,0x00}, {0x00,0x00,0x00}, {0x00,0x00,0x00}, {0x00,0x00,0x00}, {0x00,0x00,0x00}, {0x00,0x00,0x00}, {0x00,0x00,0x00}},
		{{0x00,0x00,0x00}, {0x00,0x00,0x00}, {0x00,0x00,0x00}, {0x00,0x00,0x00}, {0x00,0x00,0x00}, {0x00,0x00,0x00}, {0x00,0x00,0x00}, {0x00,0x00,0x00}, {0x00,0x00,0x00}, {0x00,0x00,0x00}, {0x05,0x06,0x06}, {0x97,0xC9,0xC3}, {0xB9,0xF6,0xEE}, {0xB4,0xF1,0xE8}, {0xBB,0xFB,0xF1}, {0xBF,0xFF,0xF5}, {0x6A,0x7D,0x95}, {0x2A,0x16,0x4F}, {0x4C,0x4E,0x73}, {0x93,0xBF,0xC1}, {0x90,0xC1,0xB9}, {0x10,0x12,0x18}, {0x13,0x0D,0x25}, {0x41,0x36,0x5E}, {0x54,0x47,0x74}, {0x3E,0x3C,0x65}, {0x2A,0x26,0x45}, {0x0D,0x0A,0x15}, {0x00,0x00,0x00}, {0x00,0x00,0x00}, {0x00,0x00,0x00}, {0x00,0x00,0x00}, {0x00,0x00,0x00}, {0x00,0x00,0x00}, {0x00,0x00,0x00}, {0x00,0x00,0x00}},
		{{0x00,0x00,0x00}, {0x00,0x00,0x00}, {0x00,0x00,0x00}, {0x00,0x00,0x00}, {0x00,0x00,0x00}, {0x00,0x00,0x00}, {0x00,0x00,0x00}, {0x00,0x00,0x00}, {0x00,0x00,0x00}, {0x00,0x00,0x00}, {0x03,0x03,0x03}, {0x65,0x81,0x86}, {0x96,0xC2,0xC6}, {0x83,0xA7,0xAF}, {0x7E,0x9B,0xAB}, {0x87,0xA9,0xB6}, {0x7D,0x9B,0xA9}, {0x3C,0x32,0x64}, {0x36,0x22,0x63}, {0x42,0x38,0x6D}, {0x46,0x4A,0x67}, {0x38,0x2B,0x60}, {0x4C,0x43,0x7C}, {0x61,0x67,0x91}, {0x4E,0x56,0x76}, {0x27,0x21,0x41}, {0x23,0x1C,0x3A}, {0x0B,0x08,0x11}, {0x00,0x00,0x00}, {0x00,0x00,0x00}, {0x00,0x00,0x00}, {0x00,0x00,0x00}, {0x00,0x00,0x00}, {0x00,0x00,0x00}, {0x00,0x00,0x00}, {0x00,0x00,0x00}},
		{{0x00,0x00,0x00}, {0x00,0x00,0x00}, {0x00,0x00,0x00}, {0x00,0x00,0x00}, {0x00,0x00,0x00}, {0x00,0x00,0x00}, {0x04,0x02,0x05}, {0x0B,0x08,0x11}, {0x16,0x0F,0x25}, {0x22,0x18,0x3B}, {0x31,0x24,0x53}, {0x3A,0x2E,0x62}, {0x31,0x23,0x57}, {0x3C,0x2F,0x65}, {0x46,0x3B,0x74}, {0x46,0x3B,0x74}, {0x3D,0x2E,0x69}, {0x40,0x30,0x6D}, {0x40,0x34,0x6C}, {0x40,0x34,0x6C}, {0x36,0x2B,0x5C}, {0x6C,0x7D,0x9A}, {0x6C,0x84,0x93}, {0x49,0x5F,0x60}, {0x15,0x1D,0x1A}, {0x01,0x02,0x00}, {0x00,0x00,0x00}, {0x00,0x00,0x00}, {0x00,0x00,0x00}, {0x00,0x00,0x00}, {0x00,0x00,0x00}, {0x00,0x00,0x00}, {0x00,0x00,0x00}, {0x00,0x00,0x00}, {0x00,0x00,0x00}, {0x00,0x00,0x00}},
		{{0x00,0x00,0x00}, {0x00,0x00,0x00}, {0x0D,0x10,0x11}, {0x35,0x42,0x43}, {0x27,0x24,0x3C}, {0x25,0x19,0x3E}, {0x29,0x1D,0x46}, {0x2A,0x1E,0x49}, {0x27,0x1C,0x45}, {0x21,0x16,0x39}, {0x2F,0x29,0x4B}, {0x48,0x46,0x6F}, {0x41,0x37,0x6B}, {0x3F,0x38,0x67}, {0x4F,0x5C,0x6E}, {0x4C,0x5D,0x66}, {0x4B,0x57,0x69}, {0x51,0x53,0x7B}, {0x3C,0x31,0x65}, {0x3D,0x33,0x66}, {0x44,0x46,0x67}, {0x38,0x45,0x4C}, {0x06,0x0A,0x06}, {0x00,0x00,0x00}, {0x00,0x00,0x00}, {0x00,0x00,0x00}, {0x00,0x00,0x00}, {0x00,0x00,0x00}, {0x00,0x00,0x00}, {0x00,0x00,0x00}, {0x00,0x00,0x00}, {0x00,0x00,0x00}, {0x00,0x00,0x00}, {0x00,0x00,0x00}, {0x00,0x00,0x00}, {0x00,0x00,0x00}},
		{{0x00,0x00,0x00}, {0x00,0x00,0x00}, {0x05,0x06,0x06}, {0x15,0x1A,0x1B}, {0x10,0x0F,0x18}, {0x0A,0x07,0x10}, {0x05,0x04,0x07}, {0x01,0x01,0x01}, {0x03,0x03,0x03}, {0x1E,0x1A,0x2F}, {0x3A,0x32,0x5E}, {0x2F,0x26,0x4F}, {0x22,0x1A,0x39}, {0x37,0x26,0x61}, {0x0E,0x09,0x18}, {0x00,0x00,0x00}, {0x00,0x01,0x00}, {0x12,0x17,0x16}, {0x16,0x12,0x24}, {0x2D,0x22,0x4D}, {0x32,0x23,0x58}, {0x2A,0x1C,0x4C}, {0x1A,0x13,0x2B}, {0x03,0x02,0x04}, {0x00,0x00,0x00}, {0x00,0x00,0x00}, {0x00,0x00,0x00}, {0x00,0x00,0x00}, {0x00,0x00,0x00}, {0x00,0x00,0x00}, {0x00,0x00,0x00}, {0x00,0x00,0x00}, {0x00,0x00,0x00}, {0x00,0x00,0x00}, {0x00,0x00,0x00}, {0x00,0x00,0x00}},
		{{0x00,0x00,0x00}, {0x00,0x00,0x00}, {0x00,0x00,0x00}, {0x00,0x00,0x00}, {0x00,0x00,0x00}, {0x00,0x00,0x00}, {0x00,0x00,0x00}, {0x00,0x00,0x00}, {0x24,0x1B,0x3D}, {0x26,0x1D,0x3E}, {0x0C,0x09,0x12}, {0x0E,0x0D,0x14}, {0x2B,0x1F,0x4A}, {0x13,0x0E,0x20}, {0x02,0x02,0x02}, {0x00,0x00,0x00}, {0x00,0x00,0x00}, {0x00,0x00,0x00}, {0x0F,0x10,0x12}, {0x22,0x22,0x35}, {0x21,0x18,0x38}, {0x08,0x06,0x0D}, {0x17,0x11,0x27}, {0x23,0x1D,0x39}, {0x00,0x00,0x01}, {0x00,0x00,0x00}, {0x00,0x00,0x00}, {0x00,0x00,0x00}, {0x00,0x00,0x00}, {0x00,0x00,0x00}, {0x00,0x00,0x00}, {0x00,0x00,0x00}, {0x00,0x00,0x00}, {0x00,0x00,0x00}, {0x00,0x00,0x00}, {0x00,0x00,0x00}},
		{{0x00,0x00,0x00}, {0x00,0x00,0x00}, {0x00,0x00,0x00}, {0x00,0x00,0x00}, {0x00,0x00,0x00}, {0x00,0x00,0x00}, {0x00,0x00,0x00}, {0x1D,0x17,0x2A}, {0x2A,0x1D,0x4B}, {0x00,0x00,0x00}, {0x00,0x00,0x00}, {0x15,0x17,0x1C}, {0x3C,0x39,0x5C}, {0x05,0x03,0x08}, {0x00,0x00,0x00}, {0x00,0x00,0x00}, {0x00,0x00,0x00}, {0x01,0x00,0x01}, {0x12,0x12,0x18}, {0x19,0x19,0x26}, {0x03,0x02,0x05}, {0x00,0x00,0x00}, {0x02,0x02,0x02}, {0x49,0x55,0x63}, {0x12,0x13,0x18}, {0x00,0x00,0x00}, {0x00,0x00,0x00}, {0x00,0x00,0x00}, {0x00,0x00,0x00}, {0x00,0x00,0x00}, {0x00,0x00,0x00}, {0x00,0x00,0x00}, {0x00,0x00,0x00}, {0x00,0x00,0x00}, {0x00,0x00,0x00}, {0x00,0x00,0x00}},
		{{0x00,0x00,0x00}, {0x00,0x00,0x00}, {0x00,0x00,0x00}, {0x00,0x00,0x00}, {0x00,0x00,0x00}, {0x00,0x00,0x00}, {0x00,0x00,0x00}, {0x24,0x21,0x34}, {0x32,0x2B,0x4C}, {0x1C,0x1C,0x21}, {0x01,0x01,0x00}, {0x06,0x06,0x05}, {0x32,0x37,0x40}, {0x31,0x31,0x4B}, {0x2E,0x2E,0x3B}, {0x12,0x11,0x12}, {0x00,0x00,0x00}, {0x00,0x00,0x00}, {0x00,0x00,0x00}, {0x00,0x00,0x00}, {0x00,0x00,0x00}, {0x00,0x00,0x00}, {0x00,0x00,0x00}, {0x1B,0x1F,0x21}, {0x10,0x10,0x12}, {0x00,0x00,0x00}, {0x00,0x00,0x00}, {0x00,0x00,0x00}, {0x00,0x00,0x00}, {0x00,0x00,0x00}, {0x00,0x00,0x00}, {0x00,0x00,0x00}, {0x00,0x00,0x00}, {0x00,0x00,0x00}, {0x00,0x00,0x00}, {0x00,0x00,0x00}},
	},
	{
		{{0x00,0x00,0x00}, {0x00,0x00,0x00}, {0x00,0x00,0x00}, {0x00,0x00,0x00}, {0x00,0x00,0x00}, {0x00,0x00,0x00}, {0x00,0x00,0x00}, {0x00,0x00,0x00}, {0x00,0x00,0x00}, {0x00,0x00,0x00}, {0x00,0x00,0x00}, {0x00,0x00,0x00}, {0x00,0x00,0x00}, {0x00,0x00,0x00}, {0x00,0x00,0x00}, {0x00,0x00,0x00}, {0x00,0x00,0x00}, {0x00,0x00,0x00}, {0x00,0x00,0x00}, {0x00,0x00,0x00}, {0x00,0x00,0x00}, {0x00,0x00,0x00}, {0x00,0x00,0x00}, {0x00,0x00,0x00}, {0x00,0x00,0x00}, {0x00,0x00,0x00}, {0x00,0x00,0x00}, {0x00,0x00,0x00}, {0x00,0x00,0x00}, {0x00,0x00,0x00}, {0x00,0x00,0x00}, {0x00,0x00,0x00}, {0x00,0x00,0x00}, {0x00,0x00,0x00}, {0x00,0x00,0x00}, {0x00,0x00,0x00}},
		{{0x00,0x00,0x00}, {0x00,0x00,0x00}, {0x00,0x00,0x00}, {0x00,0x00,0x00}, {0x00,0x00,0x00}, {0x00,0x00,0x00}, {0x00,0x00,0x00}, {0x00,0x00,0x00}, {0x00,0x00,0x00}, {0x00,0x00,0x00}, {0x00,0x00,0x00}, {0x00,0x00,0x00}, {0x00,0x00,0x00}, {0x00,0x00,0x00}, {0x00,0x00,0x00}, {0x00,0x00,0x00}, {0x00,0x00,0x00}, {0x00,0x00,0x00}, {0x00,0x00,0x00}, {0x00,0x00,0x00}, {0x00,0x00,0x00}, {0x00,0x00,0x00}, {0x00,0x00,0x00}, {0x00,0x00,0x00}, {0x00,0x00,0x00}, {0x00,0x00,0x00}, {0x00,0x00,0x00}, {0x00,0x00,0x00}, {0x00,0x00,0x00}, {0x00,0x00,0x00}, {0x00,0x00,0x00}, {0x00,0x00,0x00}, {0x00,0x00,0x00}, {0x00,0x00,0x00}, {0x00,0x00,0x00}, {0x00,0x00,0x00}},
		{{0x00,0x00,0x00}, {0x00,0x00,0x00}, {0x00,0x00,0x00}, {0x00,0x00,0x00}, {0x00,0x00,0x00}, {0x00,0x00,0x00}, {0x00,0x00,0x00}, {0x00,0x00,0x00}, {0x00,0x00,0x00}, {0x00,0x00,0x00}, {0x00,0x00,0x00}, {0x00,0x00,0x00}, {0x00,0x00,0x00}, {0x00,0x00,0x00}, {0x00,0x00,0x00}, {0x00,0x00,0x00}, {0x00,0x00,0x00}, {0x00,0x00,0x00}, {0x00,0x00,0x00}, {0x00,0x00,0x00}, {0x00,0x00,0x00}, {0x00,0x00,0x00}, {0x00,0x00,0x00}, {0x00,0x00,0x00}, {0x00,0x00,0x00}, {0x00,0x00,0x00}, {0x00,0x00,0x00}, {0x00,0x00,0x00}, {0x00,0x00,0x00}, {0x00,0x00,0x00}, {0x00,0x00,0x00}, {0x00,0x00,0x00}, {0x00,0x00,0x00}, {0x00,0x00,0x00}, {0x00,0x00,0x00}, {0x00,0x00,0x00}},
		{{0x00,0x00,0x00}, {0x00,0x00,0x00}, {0x00,0x00,0x00}, {0x00,0x00,0x00}, {0x00,0x00,0x00}, {0x00,0x00,0x00}, {0x00,0x00,0x00}, {0x00,0x00,0x00}, {0x00,0x00,0x00}, {0x00,0x00,0x00}, {0x00,0x00,0x00}, {0x00,0x00,0x00}, {0x00,0x00,0x00}, {0x00,0x00,0x00}, {0x00,0x00,0x00}, {0x00,0x00,0x00}, {0x00,0x00,0x00}, {0x00,0x00,0x00}, {0x00,0x00,0x00}, {0x00,0x00,0x00}, {0x00,0x00,0x00}, {0x00,0x00,0x00}, {0x00,0x00,0x00}, {0x00,0x00,0x00}, {0x00,0x00,0x00}, {0x00,0x00,0x00}, {0x00,0x00,0x00}, {0x00,0x00,0x00}, {0x00,0x00,0x00}, {0x00,0x00,0x00}, {0x00,0x00,0x00}, {0x00,0x00,0x00}, {0x00,0x00,0x00}, {0x00,0x00,0x00}, {0x00,0x00,0x00}, {0x00,0x00,0x00}},
		{{0x00,0x00,0x00}, {0x00,0x00,0x00}, {0x00,0x00,0x00}, {0x00,0x00,0x00}, {0x00,0x00,0x00}, {0x00,0x00,0x00}, {0x00,0x00,0x00}, {0x00,0x00,0x00}, {0x00,0x00,0x00}, {0x00,0x00,0x00}, {0x00,0x00,0x00}, {0x00,0x00,0x00}, {0x00,0x00,0x00}, {0x00,0x00,0x00}, {0x00,0x00,0x00}, {0x00,0x00,0x00}, {0x00,0x00,0x00}, {0x00,0x00,0x00}, {0x00,0x00,0x00}, {0x00,0x00,0x00}, {0x00,0x00,0x00}, {0x00,0x00,0x00}, {0x00,0x00,0x00}, {0x00,0x00,0x00}, {0x00,0x00,0x00}, {0x00,0x00,0x00}, {0x00,0x00,0x00}, {0x00,0x00,0x00}, {0x00,0x00,0x00}, {0x00,0x00,0x00}, {0x00,0x00,0x00}, {0x00,0x00,0x00}, {0x00,0x00,0x00}, {0x00,0x00,0x00}, {0x00,0x00,0x00}, {0x00,0x00,0x00}},
		{{0x00,0x00,0x00}, {0x00,0x00,0x00}, {0x00,0x00,0x00}, {0x00,0x00,0x00}, {0x00,0x00,0x00}, {0x00,0x00,0x00}, {0x00,0x00,0x00}, {0x00,0x00,0x00}, {0x00,0x00,0x00}, {0x00,0x00,0x00}, {0x00,0x00,0x00}, {0x03,0x03,0x04}, {0x04,0x04,0x06}, {0x04,0x03,0x06}, {0x03,0x02,0x04}, {0x0B,0x0A,0x0E}, {0x0E,0x0E,0x13}, {0x0E,0x10,0x13}, {0x03,0x03,0x04}, {0x00,0x00,0x00}, {0x00,0x00,0x00}, {0x00,0x00,0x00}, {0x07,0x07,0x08}, {0x0E,0x0E,0x0F}, {0x00,0x00,0x00}, {0x00,0x00,0x00}, {0x00,0x00,0x00}, {0x00,0x00,0x00}, {0x00,0x00,0x00}, {0x00,0x00,0x00}, {0x00,0x00,0x00}, {0x00,0x00,0x00}, {0x00,0x00,0x00}, {0x00,0x00,0x00}, {0x00,0x00,0x00}, {0x00,0x00,0x00}},
		{{0x00,0x00,0x00}, {0x00,0x00,0x00}, {0x00,0x00,0x00}, {0x00,0x00,0x00}, {0x00,0x00,0x00}, {0x00,0x00,0x00}, {0x00,0x00,0x00}, {0x03,0x03,0x03}, {0x08,0x08,0x0B}, {0x16,0x18,0x1E}, {0x1E,0x22,0x29}, {0x27,0x2A,0x36}, {0x3A,0x43,0x4F}, {0x51,0x62,0x6D}, {0x52,0x65,0x6F}, {0x51,0x63,0x6D}, {0x50,0x62,0x6C}, {0x58,0x6D,0x77}, {0x4B,0x5A,0x66}, {0x37,0x3E,0x4B}, {0x24,0x25,0x34}, {0x17,0x15,0x1D}, {0x64,0x62,0x60}, {0x0D,0x0D,0x0E}, {0x00,0x00,0x00}, {0x00,0x00,0x00}, {0x00,0x00,0x00}, {0x00,0x00,0x00}, {0x00,0x00,0x00}, {0x00,0x00,0x00}, {0x00,0x00,0x00}, {0x00,0x00,0x00}, {0x00,0x00,0x00}, {0x00,0x00,0x00}, {0x00,0x00,0x00}, {0x00,0x00,0x00}},
		{{0x00,0x00,0x00}, {0x00,0x00,0x00}, {0x00,0x00,0x00}, {0x00,0x00,0x00}, {0x00,0x00,0x00}, {0x00,0x00,0x00}, {0x00,0x00,0x00}, {0x04,0x04,0x04}, {0x07,0x06,0x09}, {0x23,0x2A,0x2D}, {0x8D,0xB9,0xB7}, {0xAA,0xE1,0xDD}, {0xA6,0xDC,0xD8}, {0xA6,0xDB,0xD8}, {0xA8,0xDE,0xDA}, {0xA0,0xD2,0xD1}, {0x81,0xA3,0xAC}, {0x5E,0x6F,0x84}, {0x44,0x46,0x66}, {0x31,0x2B,0x4D}, {0x2D,0x22,0x4D}, {0x2F,0x25,0x49}, {0x75,0x73,0x70}, {0x2F,0x2E,0x2D}, {0x22,0x22,0x22}, {0x00,0x00,0x00}, {0x00,0x00,0x00}, {0x00,0x00,0x00}, {0x00,0x00,0x00}, {0x00,0x00,0x00}, {0x00,0x00,0x00}, {0x00,0x00,0x00}, {0x00,0x00,0x00}, {0x00,0x00,0x00}, {0x00,0x00,0x00}, {0x00,0x00,0x00}},
		{{0x00,0x00,0x00}, {0x00,0x00,0x00}, {0x00,0x00,0x00}, {0x00,0x00,0x00}, {0x00,0x00,0x00}, {0x00,0x00,0x00}, {0x00,0x00,0x00}, {0x00,0x00,0x00}, {0x00,0x00,0x00}, {0x00,0x00,0x00}, {0x52,0x6C,0x6A}, {0xBF,0xFF,0xF6}, {0xB5,0xF3,0xE9}, {0xBA,0xF9,0xEF}, {0xC5,0xFF,0xFC}, {0x83,0xA5,0xB0}, {0x38,0x2A,0x61}, {0x3B,0x32,0x62}, {0x66,0x79,0x8F}, {0x87,0xAA,0xB6}, {0x50,0x62,0x6C}, {0x01,0x01,0x04}, {0x20,0x20,0x1F}, {0x88,0x84,0x84}, {0x74,0x70,0x74}, {0x18,0x15,0x25}, {0x05,0x05,0x09}, {0x00,0x00,0x00}, {0x00,0x00,0x00}, {0x00,0x00,0x00}, {0x00,0x00,0x00}, {0x00,0x00,0x00}, {0x00,0x00,0x00}, {0x00,0x00,0x00}, {0x00,0x00,0x00}, {0x00,0x00,0x00}},
		{{0x00,0x00,0x00}, {0x00,0x00,0x00}, {0x00,0x00,0x00}, {0x00,0x00,0x00}, {0x00,0x00,0x00}, {0x00,0x00,0x00}, {0x00,0x00,0x00}, {0x03,0x03,0x04}, {0x09,0x07,0x0D}, {0x0E,0x0B,0x16}, {0x40,0x4B,0x59}, {0x84,0xA5,0xB1}, {0x81,0xA2,0xAD}, {0x81,0xA3,0xAC}, {0x86,0xA8,0xB3}, {0x8A,0xAF,0xB8}, {0x5F,0x6E,0x87}, {0x31,0x20,0x57}, {0x40,0x35,0x6A}, {0x66,0x76,0x8F}, {0x2D,0x33,0x40}, {0x19,0x13,0x2B}, {0x23,0x1A,0x3F}, {0x3E,0x36,0x67}, {0x49,0x3F,0x72}, {0x40,0x39,0x68}, {0x35,0x2F,0x57}, {0x0C,0x08,0x15}, {0x00,0x00,0x00}, {0x00,0x00,0x00}, {0x00,0x00,0x00}, {0x00,0x00,0x00}, {0x00,0x00,0x00}, {0x00,0x00,0x00}, {0x00,0x00,0x00}, {0x00,0x00,0x00}},
		{{0x00,0x00,0x00}, {0x00,0x00,0x00}, {0x00,0x00,0x00}, {0x00,0x00,0x00}, {0x0A,0x09,0x0D}, {0x16,0x10,0x23}, {0x25,0x1C,0x3E}, {0x2D,0x21,0x4C}, {0x30,0x22,0x50}, {0x2F,0x21,0x50}, {0x3A,0x33,0x5D}, {0x48,0x45,0x6E}, {0x35,0x29,0x5B}, {0x35,0x25,0x5D}, {0x48,0x41,0x74}, {0x48,0x3F,0x75}, {0x43,0x37,0x70}, {0x3E,0x30,0x6A}, {0x44,0x38,0x70}, {0x40,0x34,0x6B}, {0x32,0x25,0x56}, {0x62,0x67,0x93}, {0x6E,0x7B,0x9F}, {0x75,0x92,0x9F}, {0x4A,0x5E,0x64}, {0x15,0x16,0x1F}, {0x0A,0x07,0x11}, {0x03,0x02,0x05}, {0x00,0x00,0x00}, {0x00,0x00,0x00}, {0x00,0x00,0x00}, {0x00,0x00,0x00}, {0x00,0x00,0x00}, {0x00,0x00,0x00}, {0x00,0x00,0x00}, {0x00,0x00,0x00}},
		{{0x00,0x00,0x00}, {0x00,0x00,0x00}, {0x09,0x0A,0x0B}, {0x37,0x44,0x45}, {0x2E,0x30,0x41}, {0x19,0x12,0x29}, {0x12,0x0E,0x1D}, {0x09,0x07,0x0F}, {0x0E,0x0E,0x12}, {0x25,0x20,0x38}, {0x27,0x25,0x3A}, {0x38,0x39,0x53}, {0x45,0x3D,0x6F}, {0x37,0x2F,0x58}, {0x34,0x3D,0x47}, {0x48,0x59,0x62}, {0x54,0x62,0x76}, {0x60,0x68,0x8D}, {0x46,0x3F,0x71}, {0x45,0x3B,0x72}, {0x5E,0x6B,0x86}, {0x6E,0x86,0x97}, {0x36,0x48,0x47}, {0x0A,0x0F,0x0C}, {0x00,0x00,0x00}, {0x00,0x00,0x00}, {0x00,0x00,0x00}, {0x00,0x00,0x00}, {0x00,0x00,0x00}, {0x00,0x00,0x00}, {0x00,0x00,0x00}, {0x00,0x00,0x00}, {0x00,0x00,0x00}, {0x00,0x00,0x00}, {0x00,0x00,0x00}, {0x00,0x00,0x00}},
		{{0x00,0x00,0x00}, {0x00,0x00,0x00}, {0x03,0x03,0x04}, {0x06,0x07,0x08}, {0x00,0x00,0x00}, {0x00,0x00,0x00}, {0x00,0x00,0x00}, {0x16,0x16,0x1D}, {0x37,0x2F,0x57}, {0x3A,0x2B,0x63}, {0x34,0x27,0x5A}, {0x36,0x2C,0x57}, {0x28,0x23,0x3D}, {0x06,0x06,0x07}, {0x00,0x00,0x00}, {0x00,0x00,0x00}, {0x03,0x05,0x03}, {0x27,0x34,0x32}, {0x2B,0x32,0x3D}, {0x32,0x28,0x53}, {0x36,0x28,0x5D}, {0x31,0x1F,0x58}, {0x23,0x15,0x40}, {0x12,0x0D,0x1D}, {0x02,0x02,0x02}, {0x00,0x00,0x00}, {0x00,0x00,0x00}, {0x00,0x00,0x00}, {0x00,0x00,0x00}, {0x00,0x00,0x00}, {0x00,0x00,0x00}, {0x00,0x00,0x00}, {0x00,0x00,0x00}, {0x00,0x00,0x00}, {0x00,0x00,0x00}, {0x00,0x00,0x00}},
		{{0x00,0x00,0x00}, {0x00,0x00,0x00}, {0x00,0x00,0x00}, {0x00,0x00,0x00}, {0x00,0x00,0x00}, {0x00,0x00,0x00}, {0x29,0x27,0x34}, {0x3B,0x31,0x5D}, {0x3E,0x39,0x5B}, {0x2B,0x24,0x44}, {0x0C,0x09,0x13}, {0x04,0x04,0x05}, {0x00,0x00,0x00}, {0x00,0x00,0x00}, {0x00,0x00,0x00}, {0x00,0x00,0x00}, {0x00,0x00,0x00}, {0x00,0x00,0x00}, {0x00,0x00,0x00}, {0x02,0x02,0x02}, {0x0E,0x0C,0x16}, {0x1D,0x15,0x30}, {0x2E,0x24,0x4D}, {0x24,0x1C,0x3A}, {0x2B,0x23,0x46}, {0x0F,0x0D,0x17}, {0x00,0x00,0x00}, {0x00,0x00,0x00}, {0x00,0x00,0x00}, {0x00,0x00,0x00}, {0x00,0x00,0x00}, {0x00,0x00,0x00}, {0x00,0x00,0x00}, {0x00,0x00,0x00}, {0x00,0x00,0x00}, {0x00,0x00,0x00}},
		{{0x00,0x00,0x00}, {0x00,0x00,0x00}, {0x00,0x00,0x00}, {0x00,0x00,0x00}, {0x00,0x00,0x00}, {0x13,0x13,0x16}, {0x36,0x2C,0x55}, {0x3C,0x38,0x53}, {0x32,0x30,0x49}, {0x02,0x01,0x03}, {0x00,0x00,0x00}, {0x00,0x00,0x00}, {0x00,0x00,0x00}, {0x00,0x00,0x00}, {0x00,0x00,0x00}, {0x00,0x00,0x00}, {0x00,0x00,0x00}, {0x00,0x00,0x00}, {0x00,0x00,0x00}, {0x00,0x00,0x00}, {0x00,0x00,0x00}, {0x19,0x1D,0x20}, {0x30,0x30,0x49}, {0x00,0x00,0x00}, {0x1B,0x1A,0x26}, {0x44,0x4D,0x5D}, {0x2D,0x30,0x3A}, {0x03,0x02,0x03}, {0x00,0x00,0x00}, {0x00,0x00,0x00}, {0x00,0x00,0x00}, {0x00,0x00,0x00}, {0x00,0x00,0x00}, {0x00,0x00,0x00}, {0x00,0x00,0x00}, {0x00,0x00,0x00}},
		{{0x00,0x00,0x00}, {0x00,0x00,0x00}, {0x00,0x00,0x00}, {0x00,0x00,0x00}, {0x00,0x00,0x00}, {0x17,0x17,0x19}, {0x38,0x35,0x43}, {0x26,0x27,0x36}, {0x34,0x31,0x48}, {0x16,0x16,0x18}, {0x00,0x00,0x00}, {0x00,0x00,0x00}, {0x00,0x00,0x00}, {0x00,0x00,0x00}, {0x00,0x00,0x00}, {0x00,0x00,0x00}, {0x00,0x00,0x00}, {0x00,0x00,0x00}, {0x00,0x00,0x00}, {0x00,0x00,0x00}, {0x00,0x00,0x00}, {0x1B,0x1C,0x20}, {0x0B,0x0B,0x0F}, {0x00,0x00,0x00}, {0x00,0x00,0x00}, {0x11,0x13,0x16}, {0x11,0x11,0x15}, {0x00,0x00,0x01}, {0x00,0x00,0x00}, {0x00,0x00,0x00}, {0x00,0x00,0x00}, {0x00,0x00,0x00}, {0x00,0x00,0x00}, {0x00,0x00,0x00}, {0x00,0x00,0x00}, {0x00,0x00,0x00}},
	},
};
*/